repository,total_releases,failed_releases,change_failure_rate_percent
keybase/client,90,0,0.0
Turbo87/XCSoar-TE,10,0,0.0
supertuxkart/stk-code,10,3,30.0
Subsurface-divelog/subsurface,18,6,33.33
wikimedia/apps-android-wikipedia,1,0,0.0
drodin/Stratagus,7,0,0.0
csound/csound,20,9,45.0
cgeo/cgeo,128,0,0.0
dimagi/commcare-android,119,0,0.0
StoDevX/AAO-React-Native,52,33,63.46
cng1985/tasks,190,0,0.0
imaeses/k-9,149,0,0.0
OlivierGonthier/g3m,4,0,0.0
BDE-ESIEE/mobile,157,0,0.0
henrichg/PhoneProfilesPlus,106,2,1.89
embraceplus/android,56,0,0.0
,0,0,0.0
actorapp/actor-platform,97,0,0.0
zulip/zulip-mobile,132,51,38.64
zenorogue/hyperrogue,35,0,0.0
EasyRPG/Player,18,0,0.0
AntennaPod/AntennaPod,48,39,81.25
btcontract/wallet,5,0,0.0
kontalk/androidclient,65,59,90.77
SimpleMobileTools/Simple-Gallery,360,294,81.67
tutao/tutanota,223,0,0.0
pocl/pocl,30,3,10.0
uholeschak/ediabaslib,27,0,0.0
rsiebert/TVHClient,11,2,18.18
westnordost/StreetComplete,211,188,89.1
micwallace/visualvoicemail,1,0,0.0
ccomeaux/boardgamegeek4android,62,0,0.0
DeviceConnect/DeviceConnect-Android,25,0,0.0
kalemas/bibletime,15,0,0.0
commons-app/apps-android-commons,56,47,83.93
TeamAmaze/AmazeFileManager,63,42,66.67
UCSD/campus-mobile,44,11,25.0
RocketChat/Rocket.Chat.Android,44,41,93.18
danrien/projectBlue,8,0,0.0
00-Evan/shattered-pixel-dungeon,35,19,54.29
Neamar/KISS,76,46,60.53
SimpleMobileTools/Simple-Calendar,222,124,55.86
johnkil/Android-AppMsg,4,0,0.0
opengisch/QField,158,47,29.75
moneymanagerex/android-money-manager-ex,211,165,78.2
micolous/metrodroid,23,2,8.7
opacapp/opacclient,18,4,22.22
ccrama/Slide,25,21,84.0
HabitRPG/habitica-android,25,17,68.0
daneren2005/Subsonic,92,40,43.48
substratum/substratum,36,2,5.56
google/paco,1,0,0.0
WizardFactory/TodayWeather,55,0,0.0
yukuku/androidbible,23,0,0.0
M66B/NetGuard,137,0,0.0
mpcjanssen/simpletask-android,1,0,0.0
pockethub/PocketHub,1,0,0.0
henrichg/PhoneProfiles,60,0,0.0
DigitalCampus/oppia-mobile-android,30,0,0.0
mozilla-mobile/focus-android,250,212,84.8
predictive-technology-laboratory/sensus,213,48,22.54
Vavassor/Tusky,93,40,43.01
sneerteam/sneer,10,0,0.0
charlesmadere/smash-ranks-android,56,0,0.0
osmdroid/osmdroid,27,13,48.15
Samourai-Wallet/samourai-wallet-android,5,0,0.0
vanita5/twittnuker,28,13,46.43
wellenvogel/avnav,2,1,50.0
jonasoreland/runnerup,51,1,1.96
zoff99/ToxAndroidRefImpl,46,5,10.87
the-blue-alliance/the-blue-alliance-android,89,52,58.43
slapperwan/gh4a,29,6,20.69
mono/SkiaSharp,85,29,34.12
quran/quran_android,51,0,0.0
jguerinet/MyMartlet,9,0,0.0
bosik/diacomp,11,6,54.55
andstatus/andstatus,40,2,5.0
mozilla/MozStumbler,83,69,83.13
JMRI/EngineDriver,58,0,0.0
abarisain/dmix,17,0,0.0
moonlight-stream/moonlight-android,170,4,2.35
google/science-journal,6,0,0.0
mikepenz/MaterialDrawer,224,114,50.89
QuickBlox/q-municate-android,6,0,0.0
openxc/openxc-android,25,6,24.0
antest1/kcanotify,225,45,20.0
bottiger/SoundWaves,1,0,0.0
Amab/SWADroid,26,1,3.85
LouisCAD/Splitties,34,1,2.94
AnimeNeko/Atarashii,50,11,22.0
smallbasic/SmallBASIC,9,0,0.0
felixb/callmeter,3,0,0.0
moezbhatti/qksms,99,84,84.85
andybalaam/rabbit-escape,24,6,25.0
tateisu/SubwayTooter,490,38,7.76
marverenic/Jockey,40,7,17.5
iSoron/uhabits,38,14,36.84
StoryMaker/storymaker,1,0,0.0
mendhak/gpslogger,80,10,12.5
anthonycr/Lightning-Browser,15,1,6.67
SUPERCILEX/Robot-Scouter,35,6,17.14
orgzly/orgzly-android,113,59,52.21
gitskarios/Gitskarios,42,13,30.95
oliexdev/openScale,54,23,42.59
AlbrechtL/welle.io,22,14,63.64
afollestad/material-dialogs,92,0,0.0
tanrabad/survey,15,3,20.0
syncthing/syncthing-android,284,114,40.14
helloworld1/AnyMemo,6,0,0.0
Vizzuality/forest-watcher,17,0,0.0
QuantumBadger/RedReader,28,5,17.86
mhoeher/opentodolist,60,0,0.0
QuickBlox/quickblox-android-sdk,26,1,3.85
enviroCar/enviroCar-app,24,6,25.0
Azure-Samples/MyDriving,1,0,0.0
mikepenz/FastAdapter,152,31,20.39
zeapo/Android-Password-Store,57,9,15.79
pennlabs/penn-mobile-android,51,14,27.45
RandoApp/Rando-android,35,9,25.71
ItsCalebJones/SpaceLaunchNow-Android,39,6,15.38
ukanth/afwall,50,19,38.0
charlesmadere/that-lil-hummingbird,41,0,0.0
jberkel/sms-backup-plus,51,0,0.0
hidroh/materialistic,15,9,60.0
SimpleMobileTools/Simple-Music-Player,105,25,23.81
codinguser/gnucash-android,37,10,27.03
ligi/PassAndroid,1,0,0.0
VREMSoftwareDevelopment/WiFiAnalyzer,25,4,16.0
jruesga/rview,64,13,20.31
ykrank/S1-Next,14,0,0.0
securityfirst/Umbrella_android,2,0,0.0
septadev/SEPTA-Android,14,1,7.14
arcao/Geocaching4Locus,25,5,20.0
ekux44/LampShade,11,0,0.0
spacecowboy/NotePad,30,12,40.0
farmerbb/Taskbar,13,0,0.0
PhenoApps/Coordinate,8,2,25.0
klausw/hackerskeyboard,10,0,0.0
BombusMod/BombusMod,8,0,0.0
SimpleMobileTools/Simple-Notes,100,25,25.0
mosmetro-android/mosmetro-android,22,5,22.73
marunjar/anewjkuapp,43,0,0.0
bk138/multivnc,12,5,41.67
shlusiak/Freebloks-Android,2,0,0.0
TakWolf/CNode-Material-Design,6,1,16.67
PaperAirplane-Dev-Team/BlackLight,1,1,100.0
hazuki0x0/YuzuBrowser,111,11,9.91
NineWorlds/serenity-android,15,7,46.67
pingidentity/ldapsdk,35,0,0.0
praveendath92/MDroid,21,6,28.57
citiususc/calendula,18,5,27.78
Grarak/KernelAdiutor,3,0,0.0
eleybourn/Book-Catalogue,1,0,0.0
Waboodoo/HTTP-Shortcuts,74,7,9.46
AnaelMobilia/NextINpact-Unofficial,57,29,50.88
wizmer/syncorg,2,0,0.0
airbnb/lottie-android,32,15,46.88
mtransitapps/mtransit-for-android,1,0,0.0
kaltura/KalturaGeneratedAPIClientsAndroid,53,0,0.0
TUWien/DocScan,10,0,0.0
wax911/anitrend-app,48,10,20.83
Maxr1998/MaxLock,42,8,19.05
Drutol/MALClient,8,0,0.0
vase4kin/TeamCityApp,65,1,1.54
kvj/mobileorg-android,3,0,0.0
y20k/transistor,90,0,0.0
grote/Transportr,28,22,78.57
CaptainSpam/geohashdroid,39,3,7.69
google/zooshi,1,0,0.0
cohenadair/anglers-log,47,32,68.09
ironjan/metal-only,2,0,0.0
VoIPGRID/vialer-android,8,0,0.0
CINPLA/neuronify,23,8,34.78
mcruncher/worshipsongs-android,10,3,30.0
GreenSkinMonster/hipda,82,0,0.0
mikepenz/Android-Iconics,115,20,17.39
osfans/trime,15,4,26.67
googlesamples/android-testdpc,23,0,0.0
blurpy/kouchat-android,4,0,0.0
theblackwidower/KanaQuiz,18,0,0.0
equeim/tremotesf-android,29,1,3.45
segler-alex/RadioDroid,35,6,17.14
SimpleMobileTools/Simple-Camera,82,17,20.73
akvo/akvo-caddisfly,31,0,0.0
arthurbenemann/surveygcp,2,0,0.0
criticalmaps/criticalmaps-android,14,0,0.0
damien5314/HoldTheNarwhal,14,0,0.0
WycliffeAssociates/translationRecorder,30,15,50.0
lz1asl/CaveSurvey,23,1,4.35
eurofurence/ef-app_android,22,16,72.73
martykan/forecastie,68,26,38.24
AllanWang/Frost-for-Facebook,44,36,81.82
zulip/zulip-android,4,0,0.0
iiordanov/remote-desktop-clients,50,1,2.0
chteuchteu/Munin-for-Android,34,3,8.82
jeisfeld/Augendiagnose,88,0,0.0
wuan/bo-android,45,14,31.11
ThatCSharpGuy/app,12,0,0.0
calvinaquino/LNReader-Android,32,9,28.12
tinfoilhat/tinfoil-sms,5,3,60.0
goodtime-productivity/Goodtime,36,3,8.33
Cedgetec/SchulinfoApp-android,46,0,0.0
ikarus23/MifareClassicTool,2,1,50.0
nawrasg/Atlantis,2,0,0.0
kaltura/playkit-android,91,0,0.0
Longi94/bptf,23,0,0.0
open-eid/MOPP-Android,24,0,0.0
proninyaroslav/libretorrent,6,0,0.0
hcmlab/ssj,23,0,0.0
ApplETS/ETSMobile-Android2,6,0,0.0
nbusy/nbusy-android,20,0,0.0
dafi/photoshelf,2,0,0.0
Commit451/LabCoat,2,0,0.0
CalebQ42/SWAssistant,23,0,0.0
dhis2/dhis2-android-eventcapture,24,4,16.67
renard314/textfairy,2,0,0.0
Intermodalics/tango_ros,8,3,37.5
caarmen/poet-assistant,93,12,12.9
ushahidi/Ushahidi_Android,1,0,0.0
rm3l/maoni,14,0,0.0
DreierF/MyTargets,52,18,34.62
reloZid/android-anuto,28,9,32.14
TobiasBielefeld/Simple-Solitaire,48,0,0.0
souliss/soulissapp,4,0,0.0
Ifsttar/NoiseCapture,46,11,23.91
nbossard/packlist,17,10,58.82
tasomaniac/OpenLinkWith,16,0,0.0
drymarev/rxbsuir,8,1,12.5
vilnius/tvarkau-vilniu,8,0,0.0
42cc/p2psafety,17,5,29.41
seemoo-lab/nexmon,1,0,0.0
dbahat/conventions,41,0,0.0
STOP2/stop2.0-traveller-client,7,1,14.29
FraunhoferCESE/madcap,6,4,66.67
xbmc/Kore,24,0,0.0
felixb/smsdroid,4,0,0.0
rectangle-dbmi/Realtime-Port-Authority,26,8,30.77
PanicInitiative/PanicButton,15,7,46.67
MGaetan89/ShowsRage,29,7,24.14
pyamsoft/home-button,8,0,0.0
lecho/hellocharts-android,13,8,61.54
zfdang/zSMTH-Android,110,0,0.0
tgwizard/sls,35,25,71.43
translation-cards/translation-cards,10,8,80.0
Frozen-Developers/android-periodic-table,3,0,0.0
FAU-Inf2/fablab-android,4,0,0.0
qqq3/good-weather,9,0,0.0
OpenOverlayRouter/oor,8,0,0.0
SimpleMobileTools/Simple-Draw,72,1,1.39
team-mount-ventoux/JayPS-AndroidApp,2,0,0.0
PhenoApps/Field-Book,24,5,20.83
jmalenko/alarm-morning,12,0,0.0
martindisch/Kantidroid,27,0,0.0
enotio/Tempest,3,0,0.0
macGRID-SRN/hitchBOT,4,0,0.0
warmshowers/wsandroid,21,1,4.76
clementine-player/Android-Remote,10,1,10.0
jdm64/GenesisChess-Android,4,0,0.0
SimpleMobileTools/Simple-Calculator,54,8,14.81
yshrsmz/monotweety,11,0,0.0
Adventech/sabbath-school-android,19,1,5.26
cymcsg/UltimateRecyclerView,9,4,44.44
ixkor/CallerInfo,66,0,0.0
SecUSo/nophish,1,0,0.0
cauchymop/goblob,8,0,0.0
mtransitapps/ca-grand-river-transit-bus-android,1,0,0.0
CzBiX/v2ex-android,4,0,0.0
syedtalha/orion,29,0,0.0
zamojski/TowerCollector,70,6,8.57
chummydevteam/ProjektDashboard,1,0,0.0
blocktrail/blocktrail-wallet,1,0,0.0
BandUp/band-up-android,6,2,33.33
FrancisG-Massey/Capstone2016,3,1,33.33
LADOSSIFPB/nutrif,7,0,0.0
pvarry/intra42,9,0,0.0
sismics/reader,5,3,60.0
Polidea/react-native-ble-plx,15,4,26.67
abrensch/brouter,1,0,0.0
ianhanniballake/ContractionTimer,8,0,0.0
MartinStyk/AndroidApkAnalyzer,22,1,4.55
mpv-android/mpv-android,35,15,42.86
caseydavenport/biermacht,19,0,0.0
mvarnagiris/expensius,15,2,13.33
Kegbot/kegbot-android,16,2,12.5
schnatterer/nusic,23,0,0.0
CoolMicApp/CoolMicApp-Android,2,0,0.0
berict/Tapad,20,18,90.0
NileGroup/Meikade,6,0,0.0
SecUSo/privacy-friendly-weather,14,4,28.57
placelessplace/Weather,13,0,0.0
matejdro/PebbleNotificationCenter-Android,6,0,0.0
malmstein/yahnac,5,1,20.0
benoitletondor/EasyBudget,24,0,0.0
plusonelabs/calendar-widget,12,3,25.0
AChep/HeadsUp,7,0,0.0
rei-m/HBFav_material,9,0,0.0
gatheringhallstudios/MHGenDatabase,12,0,0.0
kamegami13/MonsterHunter4UDatabase,9,0,0.0
smallpath/psnine,28,2,7.14
guardianproject/ObscuraCam,6,0,0.0
phish108/MoblerCards,1,1,100.0
mathisdt/trackworktime,28,3,10.71
username115/FRCScouting,33,0,0.0
janoliver/pOT-Droid,19,0,0.0
MyGrades/mygrades-app,6,0,0.0
rapidpro/ureport-android,6,0,0.0
jeisfeld/RandomImage,47,0,0.0
brarcher/loyalty-card-locker,39,3,7.69
Esri/maps-app-android,18,1,5.56
gatzka/android-scan,24,0,0.0
SteamGifts/SteamGifts,83,31,37.35
sangcomz/FishBun,30,3,10.0
kiall/android-tvheadend,46,25,54.35
MythTV-Clients/MythtvPlayerForAndroid,14,9,64.29
BuildmLearn/BuildmLearn-Toolkit-Android,4,0,0.0
arantius/TiVo-Commander,1,0,0.0
MemoryGroup/442repo,4,0,0.0
GLodi/GitNav,7,0,0.0
caarmen/scrumchatter,23,0,0.0
MarquisLP/World-Scribe,24,1,4.17
macrat/RuuMusic,5,0,0.0
nutritionfactsorg/daily-dozen-android,13,1,7.69
cbeyls/fosdem-companion-android,8,0,0.0
limboemu/limbo,8,0,0.0
danirod/rectball,17,9,52.94
24HeuresINSA/24h-android-app,1,0,0.0
jawg/osm-contributor,19,1,5.26
markusfisch/ShaderEditor,22,0,0.0
nguillaumin/osmtracker-android,5,2,40.0
ibaton/3House,13,0,0.0
premnirmal/StockTicker,76,0,0.0
sky-map-team/stardroid,25,4,16.0
DylanVann/react-native-fast-image,79,29,36.71
SimpleMobileTools/Simple-Flashlight,61,7,11.48
konradrenner/kolabnotes-android,113,48,42.48
RayBa82/DVBViewerController,21,0,0.0
ultramega/elementary,28,0,0.0
y20k/trackbook,48,0,0.0
YaleSTC/YalePublic-android,6,3,50.0
rei-m/android_hyakuninisshu,27,0,0.0
InstaList/instalist-android,1,0,0.0
OpenSageTV/sagetv-miniclient,18,2,11.11
tomatrocho/insapp-android,17,0,0.0
franciscojunior/Vampidroid,15,1,6.67
uruba/TruckApp,18,0,0.0
mtransitapps/ca-vancouver-translink-bus-android,1,0,0.0
mtransitapps/ca-gatineau-sto-bus-android,1,0,0.0
neurodroid/cryptonite,8,1,12.5
MKergall/osmbonuspack,24,0,0.0
nightscout/android-uploader,9,0,0.0
ken-kentan/student-portal-plus,2,1,50.0
hbb20/CountryCodePickerProject,1,0,0.0
michaelkourlas/voipms-sms-client,36,11,30.56
mobfox/MobFox-Android-SDK,122,15,12.3
zond/android-diplicity,237,21,8.86
sjwall/MaterialTapTargetPrompt,62,11,17.74
nextgis/ngm_clink_monitoring,2,0,0.0
ligi/FAST,6,0,0.0
btimofeev/UniPatcher,15,0,0.0
LISPmob/lispmob,6,0,0.0
chaosbastler/opentraining,1,0,0.0
blabbertabber/blabbertabber,5,0,0.0
erdemolkun/instant-rates,4,0,0.0
mtransitapps/ca-gtha-go-transit-bus-android,2,0,0.0
dkrivoruchko/ScreenStream,124,3,2.42
tkrajina/10000sentences,6,0,0.0
corenting/EDCompanion,63,0,0.0
Kaljurand/K6nele,25,0,0.0
luoyuan800/NeverEnd,2,2,100.0
j4velin/Pedometer,3,0,0.0
philliphsu/ClockPlus,5,0,0.0
mtransitapps/ca-windsor-transit-bus-android,1,0,0.0
TruckMuncher/TruckMuncher-Android,2,0,0.0
fenimore/DemocracyDroid,16,0,0.0
mtransitapps/ca-ottawa-oc-transpo-bus-android,1,0,0.0
EmmanuelMess/Simple-Accounting,20,1,5.0
AdguardTeam/ContentBlocker,38,16,42.11
rsteckler/unbounce-android,10,6,60.0
henryco/OPalette,1,0,0.0
plusCubed/plusTimer,21,5,23.81
melange-app/melange,2,0,0.0
mtransitapps/ca-edmonton-ets-bus-android,1,0,0.0
wench/Ao3-Tracker,18,0,0.0
1fish2/BBQTimer,7,0,0.0
murgo/IrssiNotifier,3,0,0.0
UpperSetting/DotNetOpenServerSDK,2,0,0.0
Calsign/APDE,19,5,26.32
StephaneBg/ScoreIt,16,0,0.0
kwmt/GitHubSearch,5,1,20.0
vycius/NMAkademija,3,0,0.0
javaBin/appZone,1,0,0.0
st1hy/Red-Calorie,11,3,27.27
ligi/SurvivalManual,1,0,0.0
indianpoptart/RadioControl,88,22,25.0
kiwiandroiddev/starcraft-2-build-player,3,1,33.33
sandy-8925/Checklist,1,0,0.0
glodanif/BluetoothChat,36,0,0.0
ObjectiveTruth/UoitDCLibraryBooking,14,3,21.43
bitcraze/crazyflie-android-client,16,1,6.25
by-syk/NanoIconPack,7,0,0.0
dinosaurwithakatana/hacker-news-android,13,0,0.0
caarmen/nounours-android,21,0,0.0
alexvasilkov/GestureViews,16,0,0.0
physphil/UnitConverterUltimate,20,1,5.0
tfg13/LanXchange,1,0,0.0
Power-Switch/PowerSwitch_Android,2,0,0.0
mtransitapps/ca-edmonton-ets-train-android,1,0,0.0
ubx/SkyLinesTracker,1,0,0.0
alashow/datmusic-android,28,0,0.0
Webtrekk/webtrekk-android-sdk,9,0,0.0
Digitopia/Gamult,9,3,33.33
mpiannucci/HackWinds-Android,54,11,20.37
kollerlukas/Camera-Roll-Android-App,18,7,38.89
keyboardsurfer/Crouton,5,3,60.0
drpout/boilr,9,5,55.56
Team980/ThunderScout-Android,19,0,0.0
Yubico/yubioath-android,9,0,0.0
rmake/cor-engine,7,0,0.0
SaschaWillems/VulkanCapsViewer,28,1,3.57
enricocid/iven-feed-reader,42,0,0.0
blinskey/greek-reference,22,0,0.0
systemallica/ValenBisi,28,0,0.0
Mygod/nju-portal-login-android,31,4,12.9
futurice/meeting-room-tablet,8,0,0.0
msimonides/homerplayer,34,0,0.0
RCasatta/EternityWallAndroid,4,1,25.0
asafge/NewsBlurPlus,6,2,33.33
CTC-CompTech/delivery,2,0,0.0
steve1rm/busbymovies,5,0,0.0
NerdCats/SwatKat,5,0,0.0
sheimi/SGit,4,3,75.0
Neraud/PADListener,42,19,45.24
ronaldsmartin/20twenty20,6,0,0.0
KlubJagiellonski/pola-android,14,4,28.57
75py/Aplin,27,4,14.81
athimel/mh-dla-notifier,3,0,0.0
qdeconinck/lln-campus,2,0,0.0
CherokeeLanguage/cll1-gdx,5,0,0.0
nkming2/power-menu,17,1,5.88
kort/kort-native,3,0,0.0
mtransitapps/ca-ottawa-oc-transpo-train-android,1,0,0.0
tobykurien/WebApps,42,6,14.29
djschilling/sopa,10,2,20.0
tzulberti/archery-training,6,4,66.67
itkach/aard2-android,51,0,0.0
project-icarus/icarus-atc,1,0,0.0
pedrovgs/DraggablePanel,10,3,30.0
gina-alaska/gina-puffinfeeder-android-viewer,2,0,0.0
mtransitapps/ca-mississauga-miway-bus-android,1,0,0.0
Alfresco/activiti-android-app,5,0,0.0
mtransitapps/ca-montreal-stm-bus-android,1,0,0.0
jecelyin/920-text-editor-v2,9,0,0.0
hummatli/AppCrossPromoter,7,0,0.0
fridayideas/daytomato,6,5,83.33
mtransitapps/ca-kelowna-regional-transit-system-bus-android,1,0,0.0
digital-voting-pass/polling-station-app,1,1,100.0
alphadev-net/drive-mount,4,3,75.0
rcgonzalezf/weather-app-demo,1,0,0.0
seizonsenryaku/HayaiLauncher,20,0,0.0
g-timetracker/g-timetracker,3,0,0.0
NCBSinfo/NCBSinfo,10,0,0.0
novoda/android-demos,2,0,0.0
Frozen-Developers/android-cache-cleaner,14,0,0.0
Kestutis-Z/World-Weather,13,0,0.0
coder3101/Matrix-Calculator-for-Android,2,1,50.0
akvo/akvo-rsr-up,4,0,0.0
nispok/snackbar,37,14,37.84
mtransitapps/ca-laurentides-citla-bus-android,1,0,0.0
loehnertz/HSRMMedialabTimetableApp,1,1,100.0
enra64/Votenote,5,2,40.0
wKovacs64/mTorch,3,0,0.0
mtransitapps/ca-winnipeg-transit-bus-android,1,0,0.0
tbpalsulich/NYU-BusTracker-Android,4,0,0.0
AKG-Vertretungsplan/AKG-Vertretungsplan-Android,31,0,0.0
davemorrissey/subsampling-scale-image-view,21,1,4.76
pdaddyo/soundbounce,4,4,100.0
mtransitapps/ca-toronto-ttc-bus-android,1,0,0.0
bdiegel/android-giftwise,1,0,0.0
avram/zandy,8,0,0.0
plusCubed/velociraptor,32,14,43.75
mtransitapps/ca-quebec-rtc-bus-android,1,0,0.0
caarmen/FRCAndroidWidget,48,5,10.42
outlying/card-check,1,0,0.0
ianhanniballake/TripleSolitaire,10,0,0.0
midhunhk/trip-o-meter,3,2,66.67
ellenpoe/TuxRacer-SDL2,1,0,0.0
willowcheng/Makerthings-android,1,0,0.0
iTXTech/Daedalus,21,1,4.76
abhijitparida/bunk,1,0,0.0
ManojMadanmohan/dlt,6,0,0.0
timeforcoffee/timeforcoffee-android,11,1,9.09
Bearded-Hen/Android-Bootstrap,5,1,20.0
gfx/Android-HankeiN,1,0,0.0
javiersantos/AppUpdater,27,6,22.22
WangDaYeeeeee/GeometricWeather,79,0,0.0
martinohanlon/BlueDot,5,0,0.0
dereksweet/ComedyCompanion,3,0,0.0
yeokm1/nus-soc-print,12,3,25.0
oSoc14/Artoria,4,3,75.0
sawankh/MathAttack,1,0,0.0
mtransitapps/ca-toronto-ttc-light-rail-android,1,0,0.0
mtransitapps/ca-barrie-transit-bus-android,1,0,0.0
rocketshipapps/adblockfast,20,5,25.0
lpaulger/cribbage-the-game,5,5,100.0
mtransitapps/ca-vancouver-translink-train-android,1,0,0.0
dkunzler/masterpassword,26,0,0.0
mtransitapps/ca-calgary-transit-bus-android,1,0,0.0
kmzbrnoI/hJOPandroidDriver,8,3,37.5
xiprox/WaniKani-for-Android,11,0,0.0
dbdkmezz/true-sight-dota,8,0,0.0
VisualizeMobile/AKANAndroid,1,0,0.0
gkalab/scidonthego,3,0,0.0
Pushwoosh/pushwoosh-android-sdk,150,0,0.0
dailymotion/dailymotion-player-sdk-android,2,0,0.0
PietsmietApp/pietsmiet_android,16,8,50.0
donglua/PhotoPicker,13,1,7.69
SJ-StudyJams/Piece,3,0,0.0
mtransitapps/ca-montreal-amt-train-android,1,0,0.0
thermatk/meAtB,4,0,0.0
t-yoshi/peca-android,35,0,0.0
Sloy/SeviBus,18,1,5.56
mtransitapps/ca-york-region-yrt-viva-bus-android,1,0,0.0
daniel-stoneuk/material-about-library,32,3,9.38
RefugeRestrooms/refugerestrooms-android,10,0,0.0
JohnPersano/SuperToasts,5,1,20.0
Tyde/TuCanMobile,3,1,33.33
fython/PackageTracker,17,0,0.0
Nutomic/ensichat,16,2,12.5
sages-health/sagesmobile-mReceive,3,0,0.0
heinrichreimer/material-intro,10,9,90.0
mtransitapps/ca-montreal-stm-subway-android,1,0,0.0
mudar/MontrealJustInCase,6,0,0.0
mtransitapps/ca-whistler-transit-system-bus-android,2,0,0.0
florent37/MaterialViewPager,11,6,54.55
HugoGresse/Anecdote,18,3,16.67
mtransitapps/ca-nanaimo-rdn-transit-system-bus-android,1,0,0.0
SecUSo/privacy-friendly-pedometer,10,5,50.0
mtransitapps/ca-kingston-transit-bus-android,1,0,0.0
i-p-tel/sipdroid,1,0,0.0
herolynx/elepantry-android,4,0,0.0
farmerbb/Notepad,12,0,0.0
lvonasek/Open4speed,2,0,0.0
prajjwaldimri/GithubXamarin,3,2,66.67
javiersantos/MLManager,13,0,0.0
ziggy42/Blum,5,0,0.0
adleywd/WhatsNextSeries,7,0,0.0
kshoji/USB-MIDI-Driver,9,2,22.22
nitroshare/nitroshare-android,2,0,0.0
saschpe/PlanningPoker,5,0,0.0
SecUSo/privacy-friendly-passwordgenerator,6,0,0.0
TriangleLeft/Flashcards,3,0,0.0
miketrewartha/positional,15,0,0.0
mtransitapps/ca-richelieu-citvr-bus-android,1,0,0.0
nvllsvm/Audinaut,17,4,23.53
VersoBit/WeatherDoge,10,0,0.0
NateShoffner/Seachem-Doser,3,0,0.0
stephentuso/welcome-android,24,0,0.0
greenaddress/abcore,29,0,0.0
ISchwarz23/SortableTableView,24,1,4.17
anastr/SpeedView,24,3,12.5
Quexten/UlricianumPlanner,29,6,20.69
m45t3r/retrobreaker,6,0,0.0
NordicSemiconductor/Android-nRF-Toolbox,50,2,4.0
RobinJ1995/DistroHopper,7,0,0.0
mtransitapps/ca-longueuil-rtl-bus-android,1,0,0.0
Z3r0byte/Magis,27,17,62.96
j4velin/WiFi-Automatic,12,0,0.0
Leejjon/BluffPoker,1,0,0.0
mtransitapps/ca-thunder-bay-transit-bus-android,1,0,0.0
mtransitapps/ca-les-moulins-mrclm-bus-android,1,0,0.0
mtransitapps/ca-calgary-transit-train-android,1,0,0.0
ZafraniTechLLC/Companion-For-PUBG-Android,8,2,25.0
TheFakeMontyOnTheRun/knightsofalentejo,2,0,0.0
Samourai-Wallet/sentinel-android,1,0,0.0
OpenSeizureDetector/Android_Pebble_SD,2,0,0.0
mtransitapps/ca-brampton-transit-bus-android,1,0,0.0
jklmnn/ParkenDD,33,2,6.06
mtransitapps/ca-laval-stl-bus-android,1,0,0.0
lkorth/auto-fi,2,0,0.0
za419/Android-calculator,11,8,72.73
gentlecat/counter,14,1,7.14
macleod2486/JavNav,20,0,0.0
elman22/pocket-amc-reader,12,0,0.0
sbhs-forkbombers/sbhs-timetable-android,10,6,60.0
tranquvis/SimpleSmsRemote,5,0,0.0
3cky/bkemu-android,9,0,0.0
davidgraeff/Android-NetPowerctrl,18,0,0.0
Universav/UniversavPoke,1,1,100.0
Dimezis/BlurView,26,2,7.69
kiruto/debug-bottle,3,0,0.0
yassirh/digitalocean-swimmer,4,0,0.0
souch/SMP,13,6,46.15
WikiJourney/wikijourney_app,18,2,11.11
tjyu1040/GallyShuttle,6,0,0.0
mtransitapps/ca-sorel-varennes-citsv-bus-android,1,0,0.0
avast/android-styled-dialogs,8,0,0.0
junjunguo/PocketMaps,23,2,8.7
corcoran/Hangar,9,0,0.0
DevelopFreedom/logmein-android,5,0,0.0
thomasbrueggemann/timetracker,2,0,0.0
mtransitapps/ca-grande-prairie-transit-bus-android,1,0,0.0
Art2Cat/MoonlightNote,4,0,0.0
passy/Android-DirectoryChooser,1,0,0.0
krrishnarraj/clpeak,6,0,0.0
sylvek/itracing2,17,3,17.65
appteam-nith/Hillffair,2,0,0.0
In-Loco-Media/inlocomedia-android-sdk,2,0,0.0
jerrymannel/ISawABird,6,0,0.0
pizza/MaterialTabs,2,0,0.0
rignaneseleo/SlimSocial-for-Facebook,48,1,2.08
cattaka/AndroidSnippets,3,0,0.0
AIDEA775/UNCmorfi,10,0,0.0
JakeWharton/Telecine,10,0,0.0
hummatli/AndroidAppUpdater,6,0,0.0
iTwenty/Hashtagger,1,0,0.0
ybonjour/BillSplitter,2,0,0.0
ryanpconnors/art-thief,3,0,0.0
frc2052/FRC-Krawler,23,0,0.0
Mikuz/Boarder,2,0,0.0
Poeschl/TryAndRemove,2,0,0.0
BullshitPingu/Guide7,4,0,0.0
ronaldsmartin/APO-DZ-Android,6,1,16.67
mtransitapps/ca-vancouver-translink-ferry-android,1,0,0.0
jonasbleyl/recurrence,3,0,0.0
itcc-li/Lieventure-Android,2,0,0.0
mtransitapps/ca-montreal-amt-bus-android,1,0,0.0
shts/NogiFeed,12,0,0.0
mtransitapps/ca-roussillon-citrous-bus-android,1,0,0.0
aressler38/factor-trinomials,1,0,0.0
SubstanceMobile/GEM,2,1,50.0
chrsep/Kingfish,1,0,0.0
jrvansuita/PickImage,29,2,6.9
niqdev/ipcam-view,8,0,0.0
khertan/ForRunners,4,2,50.0
donkirkby/vograbulary,6,0,0.0
Skarafaz/mercury,9,0,0.0
hwki/SimpleBitcoinWidget,32,0,0.0
jpeddicord/speedofsound,3,0,0.0
awisus/Refugee-Aid,2,0,0.0
andereld/progark,2,0,0.0
kamontat/CheckIDNumberA,3,0,0.0
canyapan/DietDiaryApp,12,0,0.0
jmbowman/portabase,1,0,0.0
rootio/rootio_handset,3,0,0.0
mtransitapps/ca-le-richelain-citlr-bus-android,1,0,0.0
SmBe19/LD34,2,0,0.0
mars3142/toaster,2,0,0.0
hhroc/yellr-android,6,5,83.33
mtransitapps/ca-west-coast-express-train-android,2,0,0.0
rahulkumar66/Performance-Tweaker,1,0,0.0
milindur/MdkControlApp,3,2,66.67
krtkush/MarsExplorer,5,0,0.0
ChaosLeong/FxcnBeta,11,1,9.09
mtransitapps/ca-saskatoon-transit-bus-android,1,0,0.0
EarthstormSoftware/controllerformote-android,2,0,0.0
mtransitapps/ca-chambly-richelieu-carignan-citcrc-bus-android,1,0,0.0
mtransitapps/ca-sud-ouest-citso-bus-android,1,0,0.0
creativetrendsapps/SimplicityBrowser,3,0,0.0
DecentralizedAmateurPagingNetwork/DAPNETApp,23,9,39.13
santiago-hollmann/igcparser,6,0,0.0
MakinGiants/banjen,9,0,0.0
MD2Korg/mCerebrum-DataKit,50,0,0.0
Routelandia/routelandia-android,1,0,0.0
markormesher/android-fab,21,1,4.76
scoot-software/sms-android,10,0,0.0
AirVantage/av-phone-android,8,0,0.0
rmceoin/cominghome,7,1,14.29
akhbulatov/wordkeeper,12,0,0.0
JGerdes/Schauburgr,1,0,0.0
phw/PicardBarcodeScanner,14,0,0.0
jrzimmerman/bestrida-rn,3,1,33.33
tonikarppi/coherence,1,0,0.0
ElectricDynamite/pasty-app-android,3,1,33.33
greblus/aspeqt,7,0,0.0
CodeforChemnitz/TheaterWecker,1,0,0.0
ndhunju/dailyJournal,1,0,0.0
luankevinferreira/expenses,3,0,0.0
ennswi/AndroidCaldavSyncAdapater,8,1,12.5
rubenwardy/mtmods4android,16,0,0.0
langara/MyIntent,3,0,0.0
manso92/DADM,2,0,0.0
netmackan/ATimeTracker,11,5,45.45
mtransitapps/ca-london-transit-bus-android,1,0,0.0
dlew/android-ragefaces,1,0,0.0
DenizUgur/ninegagsaver,9,0,0.0
recruit-lifestyle/FloatingView,29,1,3.45
mgolokhov/dodroid,26,6,23.08
turing-tech/MaterialScrollBar,72,13,18.06
8enet/AppOpsX,14,0,0.0
federicoiosue/checklistview,1,0,0.0
syniuhin/Readily,2,0,0.0
c3nav/c3nav-android,6,1,16.67
PaulKlinger/Sprog-App,17,0,0.0
Briseus/Lurker,1,0,0.0
mtransitapps/ca-l-assomption-mrclasso-bus-android,1,0,0.0
mick88/filemanager,1,0,0.0
phil-lopreiato/frc-notebook,19,6,31.58
oli107/material-range-bar,6,0,0.0
trishika/DroidUPnP,7,0,0.0
Kwamecorp/Fairphone,5,0,0.0
mikifus/padland,24,0,0.0
feragusper/BuenosAiresAntesYDespues,3,0,0.0
mtransitapps/ca-la-presqu-ile-citpi-bus-android,1,0,0.0
tarmoj/vclick,10,0,0.0
WebBluetoothCG/ble-test-peripheral-android,3,0,0.0
yuukis/businessmap,4,2,50.0
tlewiscpp/QMineSweeper,1,0,0.0
smitnich/Subscreen,2,0,0.0
patrickfav/under-the-hood,13,0,0.0
antur84/GoSthlm,1,0,0.0
Werb/PickPhotoSample,16,2,12.5
hpedrorodrigues/ImageSearch,1,0,0.0
mtransitapps/ca-kamloops-transit-system-bus-android,2,0,0.0
graham22/SkyeTracker,1,0,0.0
npes87184/S2TDroid,12,0,0.0
bluejamesbond/TextJustify-Android,5,2,40.0
mtbii/RobotCA,1,0,0.0
midhunhk/random-contact,11,1,9.09
cortrium/AndroidApp,17,0,0.0
churichard/ru-direct,8,0,0.0
yDelouis/selfoss-android,26,11,42.31
mtransitapps/ca-st-john-s-metrobus-transit-bus-android,1,0,0.0
29jm/Kloggr-Qt,2,0,0.0
liskin/locus-rflkt-addon,13,0,0.0
mtransitapps/ca-ste-julie-omitsju-bus-android,1,0,0.0
damien5314/RhythmGameScoreCalculator,1,0,0.0
calintat/units,12,3,25.0
BloopApp/Bloop,3,1,33.33
lambdasoup/watchlater,4,0,0.0
mtransitapps/ca-hamilton-hsr-bus-android,1,0,0.0
Mark-Lauman/DominionPicker,11,1,9.09
NeuroTechX/eeg-101,5,0,0.0
Daskiworks/ghwatch,13,4,30.77
j4velin/MapsMeasure,1,0,0.0
Andre1299/TUI-ConsoleLauncher,19,0,0.0
CORDEA/MackerelClient,3,0,0.0
wsv-accidis/tmeit-android,8,3,37.5
chteuchteu/Freebox-Stats,4,0,0.0
nethergrim/bashorg,7,0,0.0
andryr/Harmony-Music-Player,3,0,0.0
VEINHORN/ScrollGalleryView,2,0,0.0
ccjeng/TPTrash,20,0,0.0
alexs20/SimpleSecretStorage,22,0,0.0
krtkush/LinearTimer,6,0,0.0
luke-c/Ikue,4,0,0.0
dozingcat/Vector-Pinball,14,0,0.0
nikolamilosevic86/owasp-seraphimdroid,3,1,33.33
notriddle/budget-envelopes,15,0,0.0
mtransitapps/ca-burlington-transit-bus-android,2,0,0.0
dimtion/Shaarlier,29,2,6.9
nextgis/nextgislogger,2,0,0.0
Lightstreamer/Lightstreamer-example-MPNStockList-client-android,6,0,0.0
PeterWithers/E36Timer,4,0,0.0
jrvansuita/MaterialAbout,29,0,0.0
SimonMarquis/Android-PreferencesManager,5,0,0.0
Djonique/Birdays,9,0,0.0
sschuberth/parandroid,1,0,0.0
appteam-nith/festnimbus,2,0,0.0
mtransitapps/ca-halifax-transit-bus-android,1,0,0.0
smuldr/xtime-android,8,3,37.5
ac-pm/Inspeckage,3,0,0.0
matejdro/PebbleDialer-Android,3,0,0.0
ryosua/SpeechWriter,14,0,0.0
mtransitapps/ca-regina-transit-bus-android,1,0,0.0
mtransitapps/ca-oakville-transit-bus-android,1,0,0.0
rtugores/alubia,3,0,0.0
PuffOpenSource/Puff-Android,3,1,33.33
michaelbarlow7/dungeon-crawl-android,12,0,0.0
fjoglar/ETSIT-News,3,0,0.0
DanielMartinus/Stepper-Touch,6,0,0.0
vijai1996/screenrecorder,6,1,16.67
pilot51/voicenotify,7,2,28.57
HancelParallelZero/hancel_android,2,0,0.0
worker8/TourGuide,2,0,0.0
scottyab/rootbeer,3,1,33.33
khasang/FixMyNumber,7,0,0.0
100Hackers/Plaper,2,0,0.0
mikljohansson/retroboy,1,0,0.0
Z3r0byte/Magistify,39,19,48.72
peterfajdiga/SSZJ-Android,3,0,0.0
mtransitapps/ca-st-albert-transit-bus-android,1,0,0.0
mtransitapps/ca-moncton-codiac-transpo-bus-android,1,0,0.0
DeathsbreedGames/SpaceRun,10,0,0.0
cmusatyalab/faceswap,1,0,0.0
Beaconstac/Android-SDK,35,0,0.0
sdsmdg/trianglify,2,0,0.0
brarcher/rental-calc,5,0,0.0
R-a-dio/R-a-dio-Amazing-Android-App,7,0,0.0
mtransitapps/ca-milton-transit-bus-android,2,0,0.0
takke/DataStats,2,0,0.0
lewismcgeary/AndroidGameofLife,6,1,16.67
bleissem/babyphone,19,0,0.0
Nuvolect/SecureSuite-Android,3,0,0.0
tvbarthel/CameraColorPicker,5,0,0.0
dotWee/Mensaplan,1,0,0.0
rascarlo/AURdroid,20,2,10.0
ultramega/flavordex,5,0,0.0
kd345312/RoboApp,2,0,0.0
mattermost/mattermost-android-classic,14,0,0.0
Scaronthesky/UK-Gebaerden_Muensterland,11,5,45.45
selcukcihan/sensors,3,0,0.0
mtransitapps/ca-sudbury-transit-bus-android,2,0,0.0
mtransitapps/ca-durham-region-transit-bus-android,2,0,0.0
mtransitapps/ca-haut-st-laurent-cithsl-bus-android,2,0,0.0
afollestad/photo-affix,18,0,0.0
SafeSlingerProject/SafeSlinger-Android,7,5,71.43
thehyve/transmart-android,1,0,0.0
atomicptr/TrierBusTimeTracker,6,0,0.0
petalyaa/Launchpet2,7,5,71.43
mtransitapps/ca-comox-valley-transit-system-bus-android,1,0,0.0
mtransitapps/ca-halifax-transit-ferry-android,2,0,0.0
caarmen/PalidaMuerte,9,2,22.22
plattysoft/Leonids,6,0,0.0
negusoft/holoaccent,6,0,0.0
DHM47/Native-Clip-Board,1,0,0.0
getsocial-im/getsocial-android-sdk,141,0,0.0
ccjeng/News,35,0,0.0
MoinApp/moinapp-android,18,0,0.0
takke/cpustats,5,0,0.0
Kaljurand/Arvutaja,7,0,0.0
nbd9/UnityPlanner,7,0,0.0
jd-alexander/Google-Directions-Android,9,0,0.0
0x1bad1d3a/Kaku,3,1,33.33
Nutomic/controldlna,10,0,0.0
laurentsebag/android-wifi-timer,4,2,50.0
dbrant/unitconverter-android,4,0,0.0
chris-carneiro/Wi-Fi-Toggler,2,0,0.0
castorflex/SmoothProgressBar,9,0,0.0
Adonai/Man-Man,4,0,0.0
LTBuses/LTB-android,1,0,0.0
jmuthu/Poovali,3,0,0.0
andyiac/githot,1,0,0.0
martinmarinov/AndroidDvbDriver,7,0,0.0
eMerzh/OpenFixMap,1,0,0.0
meetshah1995/TechFest2k15,1,0,0.0
beta/cloudier,24,2,8.33
colesadam/hill-lists,2,0,0.0
tvbarthel/SimpleWeatherForecast,2,0,0.0
Trellmor/BerryTube,8,0,0.0
mtransitapps/ca-sherbrooke-sts-bus-android,1,0,0.0
MicMun/MiWoTreff,17,0,0.0
CytoDev/FrequencyCalculator,3,1,33.33
mlewe/arxiv-mobile,5,0,0.0
javiersantos/MaterialStyledDialogs,24,4,16.67
GrinnellAppDev/KDIC-Radio-Android,4,0,0.0
melkonyan/Timetable,12,4,33.33
msal/Shoutemo,5,0,0.0
tvbarthel/BlurDialogFragment,3,1,33.33
rastating/DroidBeard,24,18,75.0
ganddev/breminale_android_mvvm,5,0,0.0
csuyzb/AndroidLinkup,5,0,0.0
GrinnellAppDev/Grinnell-DB-Android-Old,4,1,25.0
mtransitapps/ca-prince-george-transit-system-bus-android,2,0,0.0
mtransitapps/ca-guelph-transit-bus-android,1,0,0.0
shreyassood/2048,14,0,0.0
seht/volumenotification,27,9,33.33
baculsoft/curhatharga,7,0,0.0
unparalleled/kcards,5,0,0.0
chteuchteu/Blurify,7,0,0.0
jakemoritz/Tasking,1,0,0.0
Leaking/WeGit,1,0,0.0
yazeed44/MultiImagePicker,8,2,25.0
jorenham/fingerblox,3,0,0.0
andreiciubotariu/contact-notifier,9,0,0.0
fython/Blackbulb,16,1,6.25
rootkiwi/an2linuxclient,19,0,0.0
SecUSo/privacy-friendly-qr-scanner,15,5,33.33
crysxd/Studiportal-Checker,16,0,0.0
andreacioni/KeeLink,11,0,0.0
mtransitapps/ca-west-coast-express-bus-android,1,0,0.0
jbmlaird/DiscogsBrowser,1,0,0.0
MoveLab/erulet-android,12,0,0.0
ssaqua/ProximityService,11,0,0.0
NevRA/Giraffe,1,0,0.0
asalamon74/ztemezszam,4,0,0.0
artiomchi/Dual-Battery-Widget,1,0,0.0
mtransitapps/ca-squamish-transit-system-bus-android,1,0,0.0
rails-school/tiramisu,4,0,0.0
LordVulkan/Graphs,1,0,0.0
maoruibin/AppPlus,1,0,0.0
dbrant/mandelbrot-android,1,0,0.0
mtransitapps/ca-gta-up-express-train-android,1,0,0.0
mtransitapps/ca-strathcona-county-transit-bus-android,1,0,0.0
bobrofon/easysshfs,7,0,0.0
loadrunner/Facebook-Contact-Sync,2,0,0.0
Nimrodda/WizarDroid,7,0,0.0
hidroh/tldroid,3,0,0.0
0xnm/BTC-e-client-for-Android,9,0,0.0
pe-pan/flappy,4,0,0.0
dhbw-timetable/dhbw-timetable-android,3,3,100.0
stealthcopter/AndroidNetworkTools,17,1,5.88
luckytoilet/WATisRain,3,1,33.33
passwordmaker/android-passwordmaker,13,0,0.0
el1t/Iolite,3,1,33.33
acadet/wanderer-android,2,0,0.0
dragthor/learning,5,0,0.0
pretix/pretixdroid,5,0,0.0
Sensirion/SmartGadget-Android,5,0,0.0
jmsalcido/catapi-android,1,0,0.0
valaczka/callofsuli,4,0,0.0
HamishONE/trackbus,2,0,0.0
meefik/linuxdeploy,16,0,0.0
suragch/Chimee,8,0,0.0
FRC-Utilities/QDriverStation-Mobile,6,0,0.0
RobTain/Busfahrplan-Passau,13,0,0.0
wsv-accidis/fm-fg-godsdekl,12,0,0.0
kshoji/BLE-MIDI-for-Android,10,2,20.0
project-manatee/manatee-android,1,0,0.0
anselm94/Torchie-Android,4,1,25.0
justindriggers/Ventriloid,1,0,0.0
penk/terrarium-app,2,0,0.0
michelelacorte/AndroidAppShortcuts,8,0,0.0
eladnava/redalert-android,3,0,0.0
kaliturin/BlackList,1,0,0.0
Nxt3/IO_Classic_WatchFace,20,3,15.0
athimel/zoumtarot,1,0,0.0
SecUSo/privacy-friendly-dicer,7,0,0.0
MoveLab/tigatrapp-android,8,0,0.0
mtransitapps/ca-cornwall-transit-bus-android,1,0,0.0
SimplicityApks/ReminderDatePicker,4,0,0.0
Rouji/Hupl,11,0,0.0
firejake308/Show-And-Sell,4,0,0.0
yaroslav-shlapak/Circle-Progress-View,15,0,0.0
Tarostar/QMLGalaxyPortal,9,1,11.11
GiorgioRegni/Binaural-Beats,1,0,0.0
ThibaudM/timelapse-sony,4,0,0.0
Fortyseven/ToneDef,6,0,0.0
MMAUG/FloodInfo,4,0,0.0
shubhamchaudhary/CCDroid,2,0,0.0
milosmns/Timecrypt,2,0,0.0
heinrichreimer/android-issue-reporter,7,0,0.0
ligi/AJShA,1,0,0.0
hzsweers/palettehelper,3,0,0.0
Androguide/Pimp_my_Z1,14,0,0.0
status-im/syng-client,1,0,0.0
omgitsjoao/wakatime-android-client,3,0,0.0
razorpay/razorpay-android-sample-app,29,0,0.0
fobid/webviewer-android,2,0,0.0
BenAlderfer/RIT-Dining-Planner-Android,3,1,33.33
mtransitapps/ca-montreal-bixi-bike-android,1,0,0.0
maxanier/Vertretungsplan,4,1,25.0
Onelio/ConnectU,2,0,0.0
mtransitapps/ca-chilliwack-transit-system-bus-android,1,0,0.0
andresoviedo/android-3D-model-viewer,10,1,10.0
justdave/MCStatus,8,2,25.0
cloud-emoticon/SmallCloudEmoji,12,0,0.0
mtransitapps/ca-st-catharines-transit-bus-android,1,0,0.0
mtransitapps/ca-banff-roam-transit-bus-android,1,0,0.0
joeyvanderbie/Bluetooth-LE-Library---Android,3,0,0.0
Nilhcem/hosts-editor-android,4,0,0.0
askii93/FileFly,1,0,0.0
Mygod/MygodSpeechSynthesizer-android,11,0,0.0
OneLight-Studio/onebike-android,2,0,0.0
swooby/alfred,2,0,0.0
sw926/ImageFileSelector,1,0,0.0
ColtanLabs/TapNote,2,0,0.0
apotter96/PowerOfGod,22,0,0.0
mtransitapps/ca-quebec-orleans-express-bus-android,1,0,0.0
afollestad/drag-select-recyclerview,19,0,0.0
mtransitapps/ca-central-fraser-valley-transit-system-bus-android,1,0,0.0
Qualeams/Android-Face-Recognition-with-Deep-Learning-Test-Framework,6,0,0.0
abhijitvalluri/fitnotifications,4,0,0.0
patrickfav/Dali,12,1,8.33
nick11roberts/Moka-Scanr,3,0,0.0
hanneseilers/Mensa-SH,7,0,0.0
jamesmontemagno/MeetupManager,1,0,0.0
dan-zx/twitt4droid,2,0,0.0
jreyes/mirror,2,0,0.0
ello/ello-android,2,0,0.0
jamesmorrisstudios/Randomly-RemindMe,4,0,0.0
JohnNPhillips/HistoryCleanerPro,15,0,0.0
hubbardgary/LondonTrails,6,0,0.0
bmarrdev/android-DecoView-charting,10,0,0.0
chenjishi/usite,1,0,0.0
meefik/busybox,12,0,0.0
sytolk/TaxiAndroidOpen,2,0,0.0
Mnkai/PGPClipper,13,2,15.38
brarcher/gift-card-guard,6,0,0.0
weihanglo/pycontw-mobile,1,0,0.0
bluedaniel/Kakapo-native,3,0,0.0
dhmncivichacks/isitrecyclingweek-android,2,0,0.0
hgzojer/picturetrainer,6,0,0.0
crysxd/mensa-furtwangen,8,0,0.0
AfzalivE/AwakeDebug,2,0,0.0
chikecodes/Debt-Manager,1,0,0.0
tvbarthel/SimpleThermometerProject,5,2,40.0
MJonesDev/Aperture-Gallery,1,0,0.0
StephanBezoen/tumblrlikes,2,0,0.0
areina/elfeed-cljsrn,5,0,0.0
JakeLane/Toffeed,14,8,57.14
xmxiaocong/gim,1,0,0.0
trvlrch/trvlr-android,4,0,0.0
PaitoAnderson/SkrumazAndroid,6,0,0.0
sukso96100/zionhs,9,0,0.0
adamsp/DestinyRaidTimers,3,2,66.67
garywzh/QuumiiBox,4,0,0.0
trikita/obsqr,3,0,0.0
mvhs-apps/mvhs-app,1,0,0.0
edubarr/header-decor,3,0,0.0
msal/muzei-nationalgeographic,10,1,10.0
Digitopia/PORTOphone-app,5,0,0.0
hpedrorodrigues/GZMD,5,0,0.0
bparmentier/WiFiKeyShare,4,2,50.0
fobid/linkable-text-android,1,0,0.0
Skylark95/Amazon-App-Notifier,1,0,0.0
AyuntamientoDeXalapa/AppLimpiaXalapa,3,0,0.0
ratty3697/android-smart-animation-library,5,0,0.0
czak/retronix,1,0,0.0
mtransitapps/ca-lanaudiere-crtl-bus-android,1,0,0.0
0lvin/LightSensor,1,0,0.0
Lauszus/FaceRecognitionApp,5,0,0.0
championswimmer/Lifelog-Android-Library,2,0,0.0
SecUSo/privacy-friendly-dice-game,5,0,0.0
AlleIT/Alleinfo_Android,1,1,100.0
mtransitapps/ca-red-deer-transit-bus-android,1,0,0.0
V2Ray-Android/Actinium,18,11,61.11
DeveloperPaul123/FilePickerLibrary,6,3,50.0
marcoscgdev/HeaderDialog,6,0,0.0
SpiritCroc/Modular-Remote,6,0,0.0
yyunikov/android-dim-block,1,0,0.0
TASnomad/Fallon-react-native-app,6,0,0.0
flavioarfaria/KenBurnsView,4,2,50.0
prakhar1989/ColorPhun,1,0,0.0
agwells/dotdash-keyboard-android,3,0,0.0
cgogolin/library,5,0,0.0
samueltardieu/harassme,1,0,0.0
kaichunlin/android-transition,7,1,14.29
matt-allen/repay-android,3,0,0.0
jtmcn/archwiki-viewer,6,0,0.0
Leakedbits/Codelabs,5,0,0.0
IYCI/MyClass,2,0,0.0
APSL/react-native-meneame,2,0,0.0
Mygod/Harmonizer,8,0,0.0
StefanOltmann/Kaesekaestchen,9,0,0.0
kenumir/Pinger,27,0,0.0
jt19056/Notey,2,1,50.0
honza-kasik/OlomouckyBazen,10,4,40.0
opticod/Opti-Movies,3,0,0.0
abhijith0505/CarbonContacts,1,0,0.0
tangalbert919/nds4droid,2,1,50.0
diegoponciano/biblia-ccb,3,2,66.67
DarkMentat/GuitarScalesBoxes,2,0,0.0
cornedor/mayhem,2,0,0.0
pmarks-net/chromadoze,7,0,0.0
akechi/project-l,1,0,0.0
KentShikama/SoundLocker,5,0,0.0
media3-0/AplikacjaParlament,7,0,0.0
FabriceMk/android-mycv,3,1,33.33
baz8080/folkets_android,3,0,0.0
auselen/graph-bender,1,0,0.0
flopshot/Capstone_Project,4,3,75.0
LudySu/LrcJaeger,6,0,0.0
almapp/uc-maps-mobile,1,0,0.0
anwilli5/coin-collection-android-US,2,0,0.0
nning/imgshr-android,2,0,0.0
whily/calendarlookup,1,0,0.0
oyegorov/memorazor,4,0,0.0
toastkidjp/SearchWidget_Android,11,0,0.0
MariusVolkhart/LocalStorage,5,0,0.0
gerald1248/hollows,7,0,0.0
kyriog/VoxPopuli-Android,4,2,50.0
SimenCodes/heads-up,4,0,0.0
MPieter/Notification-Analyser,4,0,0.0
gsantner/kimai-android,7,0,0.0
SebastianOltmanns/birthdays,13,0,0.0
curlymorphic/involve,2,0,0.0
heinrichreimer/material-drawer,5,0,0.0
scoutant/blokish,1,0,0.0
wseemann/RoMote,25,0,0.0
mattstraehl/AmgiNori,9,0,0.0
SvenDub/Dashboard,4,0,0.0
andremion/Villains-and-Heroes,5,0,0.0
longdivision/hex,9,1,11.11
Lightstreamer/Lightstreamer-example-AdvStockList-client-android,2,0,0.0
edsonduarte1990/reminders,11,0,0.0
gazlaws-dev/codeboard,1,0,0.0
dzwiedziu-nkg/biblospk,3,0,0.0
anhinton/CocoWiggler4,1,0,0.0
ronaldsmartin/Material-ViewPagerIndicator,6,2,33.33
RyuzakiKK/NoteCrypt,4,0,0.0
BeamNG/remotecontrol,3,2,66.67
mtransitapps/ca-niagara-region-transit-bus-android,2,0,0.0
mtransitapps/ca-shawinigan-rtcs-bus-android,1,0,0.0
butzist/ActivityLauncher,11,0,0.0
shensky711/Run-With-You,1,0,0.0
tcolligan/MaximMaker,4,0,0.0
NFCdroid/nfcapp,1,0,0.0
shivnshu/AMR-System,3,0,0.0
flyingrub/SpeedMeter,4,0,0.0
wmi-students/wmi-timetable-android,3,2,66.67
erickok/borefts2015,9,0,0.0
ccjeng/BuddhaVoice,14,0,0.0
42SK/TVKILL,10,0,0.0
ajitsing/ExpenseManager,1,0,0.0
mtransitapps/ca-welland-transit-bus-android,1,0,0.0
mutualmobile/CardStackUI,2,0,0.0
elefher/CpuHandler,5,0,0.0
fin10/MyWallpaper,7,0,0.0
rpi-mobile/RPIMobile-Android,7,0,0.0
GAlexMES/MusicArchivist,1,0,0.0
dmytroKarataiev/EarthquakeSurvival,1,0,0.0
Bennik2000/FtApp,7,0,0.0
greenfrvr/hashtag-view,7,0,0.0
fadelakin/vortex,7,0,0.0
hgzojer/vocabletrainer,14,0,0.0
indywidualny/Centrum.fm,17,4,23.53
jsauve/HGMF2017,5,0,0.0
txusballesteros/sliding-deck,1,0,0.0
ruby-china/ruby-china-android,1,0,0.0
shubhamchaudhary/wordpowermadeeasy,3,1,33.33
pryds/ve,4,1,25.0
manyconf/mobile-android,1,0,0.0
mtransitapps/ca-joliette-ctjm-bus-android,2,0,0.0
kaif-open/kaif-android,1,0,0.0
matejdro/WearVibrationCenter,15,0,0.0
outadoc/SplatCompanion,12,4,33.33
artemnikitin/tts-test-app,5,0,0.0
Benrnz/CorporateBsGenerator,1,0,0.0
mtransitapps/ca-fraser-valley-express-bus-android,2,0,0.0
chrisjluc/Onesearch,5,0,0.0
plusCubed/anticipate,7,1,14.29
dbrant/cardboard-mpo,2,0,0.0
ccjeng/TPTrashCan,12,0,0.0
aliaksei135/FlightDutyTracker,2,0,0.0
xaethos/tracker-notifier,1,0,0.0
adriankeenan/uob-timetable-android,11,0,0.0
claycarpenter/pazz-app,1,0,0.0
Devlight/NavigationTabBar,13,3,23.08
TrekDev/Xamarin.Android.Skobbler,3,0,0.0
MikeCroall/TrumpBot,1,0,0.0
Mauro2888/MemoMaterial,1,0,0.0
XFY9326/KeyBlocker,37,0,0.0
benjamarle/typhon,1,0,0.0
martinmarinov/rtl_tcp_andro-,2,0,0.0
kloener/visor-android,2,0,0.0
beckhamds/nasa-imagery-fetcher,1,0,0.0
iammck/ECalculon,2,0,0.0
ZedTheLed/Emoji_Browser,2,0,0.0
SumiMakito/AwesomeQRCode,8,0,0.0
ItsSelina/tribbble,2,0,0.0
xtensa/PodEmu,6,2,33.33
MJonesDev/Simple-Reminder-Android,2,0,0.0
torch2424/Stats-Monitor-Widget,1,0,0.0
vikasdesale/News24x7-news-from-every-part-of-the-world,1,0,0.0
sreich/android-count-the-days,2,0,0.0
CyberZHG/CrimsonTomato,6,0,0.0
eyqs/kanon-android,1,0,0.0
MkhytarMkhoian/Shoppist,2,0,0.0
trikita/talalarmo,4,0,0.0
andriydruk/BonjourBrowser,4,0,0.0
GoneUp/Htwg_LsfPlan,4,0,0.0
weinshel/android-calculator,2,0,0.0
randombyte-developer/SGLVertretungsplan,4,1,25.0
yaa110/Memento,3,0,0.0
chdir/aria2-android,4,0,0.0
tobykurien/BatteryFu,7,0,0.0
DVT/showcase-android,1,0,0.0
SpiritCroc/SyncSettings,9,0,0.0
leinardi/UbuntuCountdownWidget,5,0,0.0
robertmathew/KeralaAttractions,3,0,0.0
sean22922/CardSimulator,9,0,0.0
indianpoptart/Parks-and-Recreation,15,0,0.0
Vilbrekin/tinc_gui,3,0,0.0
mustafa01ali/Dev-Tiles,3,0,0.0
donaldmunro/AARemu,1,0,0.0
wbrenna/GTFSOffline,2,0,0.0
MicMun/DeuFeiTage,12,0,0.0
mtransitapps/ca-lethbridge-transit-bus-android,2,0,0.0
NijzinkM/ListLock,5,1,20.0
badoualy/stepper-indicator,7,0,0.0
vanilla-music/vanilla-music-tag-editor,18,0,0.0
claha/movianremote,8,0,0.0
jagossel/MovingPolygons,8,0,0.0
bertilxi/DC-Android,2,0,0.0
akshay2211/Oblique,1,0,0.0
pkunk/pq,1,0,0.0
deepaktwr/BitFrames,5,0,0.0
illusionww/gpsHub,2,0,0.0
mtransitapps/us-anchorage-people-mover-bus-android,1,0,0.0
akrause2014/gcrf-REAR,16,0,0.0
AEFeinstein/MiniScoreboard,1,0,0.0
mtransitapps/ca-fredericton-transit-bus-android,2,0,0.0
TheNightmanCodeth/classi,3,0,0.0
andremion/Louvre,6,1,16.67
avast/sms-ticket,6,0,0.0
christarazi/random-restaurant-generator,4,0,0.0
0xbb/otp-authenticator,4,0,0.0
TheAndroidMaster/Metronome-Android,8,1,12.5
patrickfav/planb-android,1,0,0.0
czodroid/droid48sx,2,0,0.0
wsv-accidis/in-sangbok,4,1,25.0
VelbazhdSoftwareLLC/DiceOverflow,1,0,0.0
BILLyTheLiTTle/Play4Share,4,0,0.0
geniusforapp/fancyDialog,3,0,0.0
SimonMarquis/Android-SecretCodes,6,0,0.0
PedroCarrillo/Expense-Tracker-App,2,0,0.0
taiko000/TAsteroids,4,0,0.0
chteuchteu/Blogmotion-Android,4,0,0.0
mtransitapps/ca-brandon-transit-bus-android,1,0,0.0
AlbertoCejas/GermanLearningUCA,1,0,0.0
StepicOrg/stepik-android,196,0,0.0
icasdri/Mather,7,5,71.43
adithya321/Companion-for-Band,9,0,0.0
Akusari/SD-Booster,2,0,0.0
SimonMarquis/FCM-toolbox,14,0,0.0
m039/beacon-keeper,3,0,0.0
rebus007/HeaderView,12,0,0.0
robert7k/sipswitch,2,0,0.0
JonathanImperato/Service-Notes,2,0,0.0
carloscorreia94/AEISTMobileDROID,2,0,0.0
MrGussio/EarthInvadersGDX,5,0,0.0
thermatk/HSEWifi,6,0,0.0
camilotejeiro/android_quotes_display_apps,1,0,0.0
PowerInside/syncplayer,5,0,0.0
dhis2/dhis2-android-trackercapture,24,0,0.0
Mygod/InvisibleWidgetPlus,4,0,0.0
intxcc/OwnTrack,2,0,0.0
rspective/PagerDatePicker,1,0,0.0
enricocid/Battery-Live,13,0,0.0
slipmatt/MediaFarmer,1,0,0.0
Raenar4k/Simple15,5,0,0.0
wminner/ndnMouse,3,0,0.0
derqurps/noefinderlein,9,0,0.0
cooler9711/Bee-Safe-Plants-App,1,0,0.0
bubblegumdevs/traceratops,2,0,0.0
Iktwo/QuteLauncher,7,0,0.0
pR0Ps/LocationShare,3,0,0.0
Zireck/CleanFit,1,0,0.0
Garthi/Running-Leaderboard,3,1,33.33
ordogfioka/ElteMeter,1,0,0.0
greenfrvr/rubber-loader,4,0,0.0
KonradIT/goprohero,20,2,10.0
M66B/XPrivacyInstaller,11,0,0.0
arpruss/raspberryjam-pe,2,0,0.0
kuastw/KUAS-Wifi-Auto-Login,20,0,0.0
subinkrishna/CircularImageView,6,0,0.0
7kfpun/BitcoinReactNative,3,0,0.0
bpear/Nexus-4-Modem-Flasher,1,0,0.0
ngageoint/anti-piracy-android-app,5,0,0.0
amatskevich/CalendarOfFactory,12,0,0.0
lenidh/holochron,2,0,0.0
ml1nk/csr-generator,16,0,0.0
jrodalo/copit,7,0,0.0
tomszilagyi/svhu1972,2,0,0.0
Manabu-GT/EtsyBlur,5,0,0.0
poldz123/ShapeRipple,5,0,0.0
alescdb/LauncherTV,6,0,0.0
yolosec/upcKeygen,5,0,0.0
Aaron1011/QuotesDream,3,0,0.0
JamesFrost/SimpleDo,3,0,0.0
MiguelCatalan/MaterialSearchView,2,0,0.0
varunest/SparkButton,7,0,0.0
juankysoriano/MaterialLife,1,0,0.0
jewelzqiu/sjtubbs,2,0,0.0
rockwotj/Cam2PDF,1,0,0.0
jadengore/PebbLIFX,2,0,0.0
Microsoft/ProjectOxford-ClientSDK,8,3,37.5
oxoooo/materialize,4,1,25.0
adrianchifor/Swiftnotes,5,0,0.0
kartikarora/Transfer.sh,2,1,50.0
tkowalczyk/DevTalkMobile,3,2,66.67
codemumbler/fitTimer,1,0,0.0
Need2Revolt/LEMP,1,0,0.0
SandroMachado/openalpr-android,5,1,20.0
Mariovc/ImagePicker,9,1,11.11
MMAUG/Kanaung,1,1,100.0
marcb1/droid-ssh,1,0,0.0
trrk/FlMML-for-Android,3,0,0.0
ericleib/blindtale,1,0,0.0
thht/ambilike,2,0,0.0
jgilfelt/SystemBarTint,3,0,0.0
SecUSo/privacy-friendly-torchlight,4,0,0.0
schlan/Clippy,2,0,0.0
WhitgiftCyberSoc/balances-android,2,0,0.0
macleod2486/UTNow,2,0,0.0
mtransitapps/ca-fort-erie-transit-bus-android,1,0,0.0
pjan284/TearTheWeb,1,0,0.0
kyze8439690/v2ex-daily-android,5,0,0.0
k0shk0sh/KAM,2,0,0.0
nbenm/ImapNote2,1,0,0.0
chen-yumin/charminder,1,0,0.0
cmurtheepic/Mizer,3,2,66.67
tho068/Fokuskino,4,0,0.0
chetstone/react-native-palette,2,0,0.0
BarryLiu/AndroidDemos,1,0,0.0
harkwell/khallware,1,0,0.0
ennerperez/teaching-skills,3,0,0.0
thiagokimo/KonamiCode,7,2,28.57
TobiasBielefeld/Simple-Search,3,0,0.0
Waboodoo/Status-Bar-Tachometer,12,0,0.0
boombuler/piraten_map_app,4,0,0.0
adamkdot/my_ip_address_info,7,0,0.0
seeing-eye/UnforgetIt,2,2,100.0
beenotung/music-player,2,2,100.0
chteuchteu/Les-Joies-de-l-Etudiant-Info,3,0,0.0
Trellmor/BerryMotesApp,2,0,0.0
chen-yumin/arkaflow,1,0,0.0
no-go/TextThing,4,0,0.0
sunner/SMS2Calendar,4,0,0.0
mtransitapps/ca-whitehorse-transit-bus-android,1,0,0.0
muvari/restaurant-mediator,1,0,0.0
plusCubed/recycler-fast-scroll,6,0,0.0
johnkil/Print,8,3,37.5
7kfpun/AudienceNetworkReactNative,1,0,0.0
jannispinter/jaws,6,0,0.0
erdemorman/mdx,2,0,0.0
andrkhar/TheFreeBird,2,0,0.0
MaelstromJS/SYLAB,5,0,0.0
mtransitapps/ca-toronto-share-bike-android,1,0,0.0
domjos1994/NotPunktList,7,0,0.0
godgunman/tii,1,0,0.0
andrewcmyers/multilist,2,0,0.0
axxapy/apkExtractor,4,0,0.0
ETCLabs/LuminosusEosEdition,2,0,0.0
Rachel030219/HashChecker,10,0,0.0
CODA-Masters/Little-Nibolas,1,0,0.0
nick11roberts/Llama,4,0,0.0
JordanRobinson/track-to-speech,3,0,0.0
civyshk/rpncalc104k,3,0,0.0
robotbrain/intellitalk,1,0,0.0
vmihalachi/turbo-editor,9,0,0.0
javiersantos/Moticons,1,0,0.0
pw4ever/tbnl,1,0,0.0
movim/movim_android,3,0,0.0
house4hack/openSHAC,2,0,0.0
QTechOsijek/Low-cost_Smart-house,2,0,0.0
chteuchteu/Les-Joies-du-Sysadmin,3,0,0.0
EyeSeeTea/uicapp,1,0,0.0
bhargavchippada/Clickr,3,0,0.0
SilasAlroe/OctoPub-Android,3,0,0.0
siyamed/android-shape-imageview,2,0,0.0
JoaquimLey/faboptions,5,3,60.0
vanilla-music/vanilla-music-lyrics-search,7,0,0.0
oaken-source/exceer,4,1,25.0
LeonardoCardoso/Android-Link-Preview,1,0,0.0
Kaljurand/Diktofon,2,0,0.0
palo-m/androboinc,1,0,0.0
vanilla-music/vanilla-music-cover-fetch,12,0,0.0
timstableford/P-BrainAndroid,7,2,28.57
garmax1/material-flashlight,3,0,0.0
Adrianotiger/qr2web,8,0,0.0
hkuadithya/MovieManiac,1,0,0.0
sukso96100/zionbob,2,0,0.0
jamcar23/GeniPass-Android,3,0,0.0
NordicSemiconductor/nRF-Logger-API,3,0,0.0
drpain/blink,2,0,0.0
hkohlsaat/gsp_vertretungen,2,0,0.0
bdelville/bohurt-mapper,3,0,0.0
aurasphere/blue-pair,2,0,0.0
TobiasBielefeld/Simple-Brick-Games,7,0,0.0
theScrabi/Terminightor,11,1,9.09
kconger/org.thecongers.mtpms,3,0,0.0
tasomaniac/MuzeiComicsCovers,4,0,0.0
ftlno/abakaffe-android,3,0,0.0
S64/android-radiobutton-extended,5,0,0.0
MirakelX/mirakel-dashclock,2,0,0.0
harri35/res-check,1,0,0.0
bgd-point/daily-dhamma,6,4,66.67
diegocarloslima/FloatingGroupExpandableListView,3,0,0.0
lynfogeek/conference-app,1,0,0.0
Daimas/android-pachi,1,0,0.0
ITVlab/Family-Calendar,6,0,0.0
stevewest/VO-Miner,1,0,0.0
srolanh/ornamenti-fraktali,2,0,0.0
tyrex-team/senslogs,1,0,0.0
mehmetakiftutuncu/Muezzin,4,0,0.0
w9jds/MarketBot,4,0,0.0
DamienOReilly/PrepayCredit,9,3,33.33
j4velin/HueNotifier,2,0,0.0
caarmen/youreawinner,2,0,0.0
micolous/frogjump,3,0,0.0
louistsaitszho/Erg-Alpha,5,2,40.0
flide/TouchBoard,1,0,0.0
ITVlab/SubChannel,6,0,0.0
michaeltroger/sensor-visualization,2,0,0.0
mitch-b/whoisit-android,2,0,0.0
hgzojer/dice,7,0,0.0
AEFeinstein/Selfr,2,0,0.0
michelelacorte/ForceTouch,2,0,0.0
enricocid/Simply-Solid,14,0,0.0
HiiYL/MMU-Board-Android,1,0,0.0
judovana/FlashBalknaAndroid,9,0,0.0
gjedeer/androidwisprclient,4,0,0.0
ascendedguard/android-kanji-fix,8,0,0.0
iamrichardjones/MnemonicRevisionHelper-android,7,0,0.0
gappleto97/MultiCalc,1,0,0.0
bward/gctgs-app,4,0,0.0
MostafaGazar/CustomShapeImageView,3,0,0.0
crashlytics/cannonball-android,6,0,0.0
juliome10/DoubleViewPager,3,0,0.0
MohammedRashad/Donne,2,0,0.0
arunkumar9t2/chameleon-live-wallpaper,2,0,0.0
kflog-project/Cumulus,58,12,20.69
suragch/aePronunciation,3,0,0.0
jgaa/VikingGTD,2,1,50.0
dpcsoftware/Expenses,6,0,0.0
ksmirenko/cards-toefl,4,0,0.0
cvazquezlos/Lifez,1,0,0.0
JoaquimLey/avenging,1,0,0.0
testica/text-scanner,4,0,0.0
ReyKoxha/nodebb-webview,3,0,0.0
Nutomic/movecerts,2,0,0.0
C-D-Lewis/dashboard,1,0,0.0
dhis2/dhis2-android-dashboard,6,0,0.0
ueman/CampusCardReader,3,0,0.0
ftisunpar/juklak,1,0,0.0
mtransitapps/ca-vancouver-mobi-bike-android,1,0,0.0
florent37/MaterialTextField,1,0,0.0
mediavrog/integrated-rating-request,4,0,0.0
alt236/KeyEvent-Display---Android,1,0,0.0
MFlisar/MessageBar,1,0,0.0
jeffisaak/diceware-pass-gen,9,0,0.0
mo271/guessaday,2,0,0.0
ogiba/StyleableShareDialog,2,0,0.0
johnkil/Android-ProgressFragment,4,0,0.0
Piasy/HandyWidgets,2,1,50.0
jiangpeng79/antrace,5,0,0.0
sanlinnaing/MUA-Keyboard,2,0,0.0
meefik/tzupdater,6,0,0.0
bentglasstube/vecna,1,0,0.0
JordanLongstaff/Artemis-Messenger,13,0,0.0
jtechapps/FloppyThreeD,2,0,0.0
Microalg/microalg-android,1,0,0.0
HugoGresse/TweetyHunting,1,0,0.0
reliq/FirstTipCalc,1,0,0.0
BlueHerons/StatTrackerApp,1,0,0.0
Pushjet/Pushjet-Android,1,1,100.0
yeriomin/SmsScheduler,5,0,0.0
vuze/vuze-remote-for-android,9,0,0.0
mkorcha/MediaButtonOverlay,11,0,0.0
arnef/bewegungsmelder-android,1,0,0.0
ehsanmasdar/LASA-Schedules,1,0,0.0
Archheretic/ParkingLotTrackerMobileApp,1,0,0.0
cesardmoro/brewapp,3,0,0.0
cat-in-the-dark/FlashTransmitter,2,0,0.0
DarnokOk/BinaryClock,1,0,0.0
GoodBadOkay/RondoCalc,2,0,0.0
LaurentTreguier/deck,1,0,0.0
zahid-ali-shah/SignatureView,3,0,0.0
smart-fun/TabStacker,8,1,12.5
rkkr/wear-dnd-sync,1,0,0.0
eigenein/joypad-android,5,0,0.0
vanillastatus/VanillaStatusApp,2,0,0.0
andreyrd/ListLauncher,5,0,0.0
tim-sueberkrueb/ourgus,3,0,0.0
ppamorim/Cult,2,0,0.0
rmack/TwistedHomeManager,1,0,0.0
jmmrcp/Libgdx,1,0,0.0
rom4ek/ArcNavigationView,5,0,0.0
diegocarloslima/ByakuGallery,1,0,0.0
d4rken/rootvalidator,6,0,0.0
SimonMarquis/Android-UrlSchemeInterceptor,1,0,0.0
Parrot-Developers/DronesWear,6,0,0.0
hoffimar/timerdroid,1,0,0.0
namsor/gendreapp,5,0,0.0
mikljohansson/recall,1,0,0.0
raydac/AndroidPirateDice,2,0,0.0
ajhodges/WifiCallingControls,5,4,80.0
Xeratec/RoboControl,2,0,0.0
eouw0o83hf/android-wear-eouw0o83hface,1,0,0.0
NTUOSC/ntu-geocaching-android,3,0,0.0
CoolONEOfficial/circles,2,0,0.0
Manabu-GT/DesignOverlay-Android,2,0,0.0
ITVlab/Launch-On-Boot,13,0,0.0
matthill/darwinwallet,2,0,0.0
jabstone/JABtalk,4,0,0.0
hearsilent/KUAS-Food,1,0,0.0
ftp27/HelmetManager,1,0,0.0
badoualy/morphy-toolbar,6,0,0.0
VernonLee/Theogony,1,0,0.0
steverichey/Flappybalt,2,0,0.0
savvasdalkitsis/betwixt,1,0,0.0
NightlyNexus/Material-Cards,3,0,0.0
Uberi/LegitimatelyTerrible,2,0,0.0
ITVlab/neodash,5,0,0.0
doofmars/GHB-Traffic,3,0,0.0
qtwyeuritoiy/CandyBox,1,0,0.0
buntata/buntata-app,10,0,0.0
Nextome/GeoJsonify,1,0,0.0
hearsilent/Universal-CollapsingTabLayout,2,0,0.0
lolevsky/Android-Clean-Architecture,1,0,0.0
dumbfingers/AutoHosts,2,0,0.0
rpahade3011/What-sNearby,3,0,0.0
arjunkomath/mjuzik,2,0,0.0
danirod/jumpdontdie,3,0,0.0
Pikamander2/japanese-characters,3,0,0.0
mick88/notepad,1,0,0.0
mobilinkd/tnc1-android-config,3,0,0.0
xiprox/Dinner-Menu,4,0,0.0
magalvao/cardapiojj,1,0,0.0
ArcticLabs/Opendoor,3,0,0.0
AlexandreG/Volume-Setter,2,0,0.0
Ozzyboshi/InternetBeatTimeWatchFace,6,0,0.0
barun-saha/software-engineering-lite,3,0,0.0
kevinmeresse/fusionbook,1,1,100.0
FRC1756-Argos/SpeedScout17-Android,5,0,0.0
AliMehrpour/ClipBox,2,0,0.0
androidmads/SQLite2XL,1,0,0.0
Kerooker/rpg-npc-generator,2,0,0.0
sanderbaas/rainalarm-android,15,0,0.0
NPKStudios/OpenTesla,2,0,0.0
thmarg/LampeTorche,1,0,0.0
romixch/KorbballMeisterschaftAndroidApp,3,0,0.0
leonardoleal/AventuraDoConhecimento,1,0,0.0
Scutterman/diabetes-tracker,3,0,0.0
HackPlan/AndroidArcMenu,2,0,0.0
appwoodoo/appwoodoo-android-sdk,10,0,0.0
TekkLabs/memoria-politica,1,0,0.0
Digutsoft/dMetronome,5,1,20.0
mudar/RotationQuickSetting,5,0,0.0
nahratzah/speaker_phone,1,0,0.0
pjanczyk/lo1olkusz,4,0,0.0
ConsideredHamster/YetAnotherPixelDungeon,13,0,0.0
johnzweng/bankomatinfos,5,0,0.0
romanz/audiomodem-android,1,0,0.0
k3b/ContentProviderHelper,1,1,100.0
Keripo/Beats,2,0,0.0
dinosaurwithakatana/applist,2,0,0.0
bitbrain/plox,1,0,0.0
imallett/FlashBang,1,0,0.0
Mini-Stren/MultiThemer,6,0,0.0
goldenpears/wmappy,1,0,0.0
zzz40500/AndroidSweetSheet,1,0,0.0
konifar/droidkaigi2016,7,7,100.0
rignaneseleo/SlimSocial-for-Twitter,5,0,0.0
NanneHuiges/androblip,2,0,0.0
kenneho/run-for-the-bus,1,0,0.0
PhilJay/ValueBar,3,0,0.0
pkern/kitcard-reader,1,0,0.0
remijouannet/get10,1,0,0.0
goldcoin/goldcoin-android,4,0,0.0
Mazuh/Terminal588,1,0,0.0
BILLyTheLiTTle/PhoneAsTablet,1,0,0.0
drilonreqica/PinSaver-android,1,0,0.0
zabbat/autoreply,1,0,0.0
kurema/BDVideoLibraryManager,6,0,0.0
fossasia/ots15-companion,2,0,0.0
itds-consulting/android-silent-ping-sms,5,0,0.0
trashify/bolt-starter,1,0,0.0
mschlauch/comfortreader,8,1,12.5
lsubel/amam-cordova,7,0,0.0
matejdro/TaskerTetherControl,6,0,0.0
Iridias/amarok-rc,4,0,0.0
anvo/piqwi,5,0,0.0
octaltech/fixmephone,1,0,0.0
savanto/AnDICT-Android,7,0,0.0
pistatium/mahougen,2,0,0.0
drew887/Resistor-Calculator,1,0,0.0
chengxinlun/Stellarium-android,6,1,16.67
rameshvoltella/RWeekCalendar,1,0,0.0
xenon92/xposed-disable-fullscreen-keyboard,4,0,0.0
JoostvDoorn/GlutenVrijApp,1,0,0.0
xdtianyu/GTUResult,4,0,0.0
zhuqianqian/wordchain,4,0,0.0
clayfish/torch,3,1,33.33
hckhanh/DemoDeployCI,6,0,0.0
HozakaN/MaterialDesignColorPalette,6,0,0.0
calintat/explorer,1,0,0.0
crazyhitty/Rss-Manager,2,0,0.0
xmikos/SnooperStopper,3,0,0.0
faywong/FFPlayer,1,0,0.0
Crescent-Labs/iqra-android,1,0,0.0
contentful/discovery-app-android,1,0,0.0
mathisdt/checknetwork,1,0,0.0
BlaShadow/Remote-Logger-Android,1,0,0.0
welsinga/SocialURLShare,1,0,0.0
rprouse/TipCalculator.Android,1,0,0.0
ryoyakawai/WebMusicBrowser,1,0,0.0
TimMikeladze/lastfm-android-music-discovery,1,0,0.0
yqritc/Android-ScalableVideoView,3,0,0.0
mrwonderman/driveimageview,1,0,0.0
MacroYau/Blue2Serial,2,0,0.0
msk610/Chemtris,1,0,0.0
gvSIGAssociation/gvsig-mobile,2,0,0.0
WebMajstr-/pebble-navigation,2,0,0.0
obihann/swear-oclock,2,0,0.0
thanksmister/BitcoinBlue,1,0,0.0
unparalleled/viewitt,4,0,0.0
mauriciotogneri/andwars,1,0,0.0
zawadz88/material-activity-chooser,5,0,0.0
dynamitetuning/com.dynamite.heaterrc,4,0,0.0
Frainbow/sharecam.frb-android,1,0,0.0
hearsilent/AmazingAvatar,9,0,0.0
adrian110288/LoadIndicators,1,0,0.0
slvn/android-aosp-mms,1,0,0.0
hrskrs/GestureFun,2,0,0.0
blunden/DoNotDisturbSync,1,0,0.0
raatmarien/Point-and-Hit,5,0,0.0
cunnj/Activities,1,0,0.0
adrielcafe/RecifeBomDeBola,1,0,0.0
thehellnet/myinfos,3,0,0.0
ParkJeongseop/CheongwonPay,1,0,0.0
mtransitapps/ca-maritime-bus-android,1,0,0.0
culebras/BasketTeamMaker,1,0,0.0
Matze1985/FPE-Rechner,4,0,0.0
sukso96100/baekhyang14-android,1,0,0.0
nprc/nprc-android,1,0,0.0
romanlamsal/rowyerboat,1,0,0.0
anjlab/android-sms-gateway,1,0,0.0
enricocid/Storage-USB,3,0,0.0
RSATom/WebChimera-desktop,2,0,0.0
WYKCode/WYK-Android,1,0,0.0
sianis/xkcd,1,0,0.0
staceybellerose/BlankDaydream,3,0,0.0
nohkumado/teleIPX800,1,0,0.0
deano2390/stunclient,3,0,0.0
x-falcon/Virtual-Hosts,6,0,0.0
timothyb89/lifx-tasker,3,2,66.67
dwaring87/pswd,1,0,0.0
VDenis/YandexTranslator,1,0,0.0
JulienVdG/respi55-android,4,0,0.0
fin10/LaunchItUp,4,0,0.0
YUKAI/KonashiInspectorForAndroid,3,0,0.0
jaredkaczynski/CarHud_2.4_Update2,1,0,0.0
FRC1756-Argos/SpeedScout16-Android,4,0,0.0
75py/CallConfirm,3,0,0.0
spheras/messic-android,4,0,0.0
jjanicki/FartCover,1,0,0.0
rewave/RewaveApp,1,0,0.0
jewelzqiu/zjuwlan,1,0,0.0
caarmen/FRCComplication,1,0,0.0
thiagogsr/estatistica-computacional,3,0,0.0
louislam/hkepc-unofficial-android,2,0,0.0
abitsinc/AB-ITS-Inc-Flashlight-Android,5,0,0.0
garywzh/SimpleADB,3,0,0.0
tsekityam/Cangjie-Helper-for-Android,2,0,0.0
telly/MrVector,2,0,0.0
heinrichreimer/material-singleinputform,7,0,0.0
ctz/tee-checker,1,0,0.0
mikeyy109/polyphasicsleep,1,0,0.0
dz0ny/mopidy-android-app,5,0,0.0
paolorotolo/happily,1,0,0.0
andriydruk/R.tools,1,0,0.0
mtransitapps/ca-deux-montagnes-mrcdm-bus-android,1,0,0.0
EmmanuelMess/Voicer,3,0,0.0
sergile/alain-android,1,0,0.0
hishamMuneer/BlackJack_Game,3,0,0.0
kondareddyr/OneTouchReboot,1,0,0.0
rtugores/calvo,1,0,0.0
Jephrey/Appostle,1,0,0.0
vishnudevk/MiBandDecompiled,1,0,0.0
connyduck/pixelwallpaper,2,0,0.0
Jamesits/DisableSystemUpdateService,4,0,0.0
vayan/UnlockCounter,1,0,0.0
rahulmadhavan/clippy,1,0,0.0
vnidens/ClickableEditText,5,0,0.0
HairyRobot/BatteryWidget-gyu,2,0,0.0
CoolONEOfficial/bubbles,3,0,0.0
NordicSemiconductor/Android-nRF-Beacon,3,0,0.0
meefik/wshell,4,0,0.0
alaskalinuxuser/app_hourglass,1,0,0.0
Fintasys/15-Puzzle-Game,1,0,0.0
alijc/CricketsAlarm,1,0,0.0
TobiasBielefeld/Elliptic-Curves-Calculator,2,0,0.0
CiriousJoker/HomingCompass,6,0,0.0
mrieker/SshClient,3,0,0.0
mespinosaz/HackmasterCombatCounter,2,0,0.0
Andr3as/MobileBattery,1,0,0.0
culebras/CalculadoraDeFechas,4,0,0.0
balaji-katika/Muhurat,2,0,0.0
ph1ash/beeplepaper,1,0,0.0
alaskalinuxuser/app_justnotes,1,0,0.0
aldoram5/SimpleHTMLTesterAndroid,1,0,0.0
matt-allen/loaned-android,1,0,0.0
lomza/screenlookcount,2,0,0.0
Pmmlabs/StylishForDolphin,1,0,0.0
pinae/NfcDie,1,0,0.0
zakybstrd21215/Error-404-Cyber-News-App,1,0,0.0
jpd236/fantasywear,1,0,0.0
WNeZRoS/LocatorViaSms,1,0,0.0
MelonSmasher/OpenTorch,1,0,0.0
paytonq/ParticipationManager,1,0,0.0
damico/yapea,1,0,0.0
josenaves/score,1,0,0.0
netmackan/CertTools,1,0,0.0
slyfoxza/muzei-androidwallpapers,1,0,0.0
EnteriseToolkit/ticqr,1,0,0.0
nfllab/SimplePackageInfo,3,0,0.0
ismangil/LinkFormatter,2,0,0.0
kenxwagner/EdisonFacts,1,0,0.0
WindSekirun/HannamQRReader,2,0,0.0
johnkil/Android-CollapsibleSearchMenu,2,0,0.0
ericbhatti/floaties,1,0,0.0
wseemann/ServeStream,3,0,0.0
mridang/gasflow,1,0,0.0
guoguo12/chemistry-data,4,0,0.0
joriswit/SokoBuiltInLevelSolutions,1,0,0.0
RacZo/MotionToColor,3,0,0.0
ViniciusSossela/meuboleto,1,0,0.0
InstituteOfErgonomics/MDT,1,0,0.0
AHelloWorldDev/MinimumWallpaper,3,0,0.0
dlew/android-download-shortcut,1,0,0.0
dillbyrne/HashPass,2,0,0.0
xgdgsc/archwikimanual,5,0,0.0
SenAndAaron/voyager2-android,1,0,0.0
TheSheeps/PPG,5,0,0.0
gtom1984/Eulen,1,0,0.0
VelbazhdSoftwareLLC/Kechi,2,0,0.0
cketti/MateLightAndroid,4,0,0.0
arpruss/roodrive,1,0,0.0
jeesmon/malayalam-bible-android,2,0,0.0
gongmingqm10/TrainTimer,3,0,0.0
jereksel/ListViewSlide,4,0,0.0
philweaver/VisibleLetters,1,0,0.0
EndrII/hanoi_solution,1,0,0.0
jlevers/SoundBoardPlusPlus,1,0,0.0
nutellarlz/JumpGo-Old,2,0,0.0
csarron/MsgDemo,1,0,0.0
Microsoft/ProjectOxford-Apps-MimickerAlarm,1,0,0.0
yqritc/Android-ScalableImageView,1,0,0.0
Manabu-GT/GlassView,1,0,0.0
Kaljurand/Inimesed,1,0,0.0
notriddle/null-launcher,3,0,0.0
importre/popular,1,0,0.0
andryr/guitar-tuner,1,0,0.0
thejeshgn/BleUARTPeripheral,1,0,0.0
ForkTheCode/Knot-It,4,0,0.0
FernandoOrtegaMartinez/Planket,1,0,0.0
gringer/ConcentricClock,1,0,0.0
bpear/Magisk-Quick-Toggle,2,0,0.0
GinSmile/FloodIt,1,0,0.0
EnteriseToolkit/paperchains,1,0,0.0
alefesouza/schoolapp,6,0,0.0
75py/TextCounter,1,0,0.0
aauc/urticariapp,3,0,0.0
chennemann/ADBConnect,1,0,0.0
c-base/AmpelControl,3,0,0.0
timosl/bluetoothvolume,3,0,0.0
Techwolfy/TelepresenceRemote,3,0,0.0
MeilCli/SojoBusSharp,2,0,0.0
rahuldean/Aero,1,0,0.0
msc42/MasterTheMaze,1,0,0.0
velerelectronic/appsemblea,2,0,0.0
WangDaYeeeeee/Mysplash,6,0,0.0
wuyexiong/transparent-over-animtabsview,1,0,0.0
efalk/Altimeter,1,0,0.0
dillbyrne/Bodha-Converter,2,0,0.0
kyokomi/WifiProxySetting,1,0,0.0
aurelitec/injuredpixels-android,1,0,0.0
phpnetfrance/drivinCloudOpen,2,0,0.0
INsReady/ReleaseWatch,1,0,0.0
jorapi/TimeProgressExtension,1,0,0.0
0kstudios/TicTacGo,1,0,0.0
grundid/host-card-emulation-sample,1,0,0.0
lloydtorres/stately,44,1,2.27
theIoTLab/ZephyrBHDeviceAdapter,4,0,0.0
gringer/ColourClock,1,0,0.0
hanneseilers/QR-Rallye-App,1,0,0.0
bdamer/shareplay,1,0,0.0
alaminopu/IST-Syllabus,2,0,0.0
quakerntj/SendMesageToPhoneByGCM,1,0,0.0
bojandevic/bihoskop,1,0,0.0
steventwheeler/PublicAccessSites,2,0,0.0
davide-imbriaco/a-sync-browser,1,0,0.0
gen2brain/vov,1,0,0.0
CMDann/root-checker,1,0,0.0
mrwii/CarouselViewPager,1,0,0.0
jamontes79/movieList,1,0,0.0
Java189/qpboot,1,0,0.0
miguelsm/droidklavier,1,0,0.0
djodjoni/SensorDemo,1,0,0.0
Maarti/QuickFlashlight,1,0,0.0
pmachapman/nzwalks-android,1,0,0.0
jonchampagne/XKCD-Dating-Age-Calculator,2,0,0.0
damico/SecNote,1,0,0.0
sinpolib/nfcspy,3,0,0.0
tiwiz/PasswordView,1,0,0.0
tsekityam/Aria2-Remote-for-Android,2,0,0.0
omgwtfgames/wrist-tweets,1,0,0.0
abzaloid/Control-3D-Sound,1,0,0.0
10cars/Icosphere,1,0,0.0
PathriK/CodenvyDownload,1,0,0.0
przemekr/my_slide,2,0,0.0
oprisnik/semdroid,1,0,0.0
azyobuzin/FallFavo,1,0,0.0
bdiegel/android-aloha-sample,1,0,0.0
hearsilent/QuickYee,2,0,0.0
varunsridharan/Loaders.CSS-Android-App,1,0,0.0
InstituteOfErgonomics/AndroidOcclusion,2,0,0.0
ciopper90/UnimoreWiFiAuthenticator,1,0,0.0
charmicat/MyChime,1,0,0.0
dillbyrne/PasteeDroid,1,0,0.0
gesposito/CodemotionMilan2015,1,0,0.0
TAPeri/WordsMatter,1,0,0.0
AnthonyMeehan/Super-Hyper-Ultra-Golf-Lambda,1,0,0.0
skarllot/calibration-calc,2,0,0.0
wktk/tagifier,2,0,0.0
richtermondt/InitHub-Android,1,0,0.0
Bilibili/muzei-bilibili,1,0,0.0
oakes/Russian101,1,0,0.0
bysse/hashpass-android,1,0,0.0
woefzela/woefzela,1,0,0.0
InstituteOfErgonomics/DrtRC,1,0,0.0
mtransitapps/ca-toronto-ttc-subway-android,1,0,0.0
rpanak/SMS-Forwarder,1,0,0.0
irontec/Mintzatu-mobile,1,0,0.0
Sixstring982/get-shaded,2,0,0.0
AlexandreG/Artifact,1,0,0.0
timothymiko/narrate-android,1,0,0.0
iisy/SmartObjectRecognition,1,0,0.0
seagullua/Alarm-x4,1,0,0.0
CMDann/Simple-Android-Calculator,1,0,0.0
LeonardKoenig/webkey,1,0,0.0
tommai78101/android-5-way-Bluetooth-Relay,2,0,0.0
fmelado/Lapses,1,0,0.0
jeremyje/android-wifioncall,1,0,0.0
kevincarlson/AndroidScreenProperties,1,0,0.0
benhbenny/Taxi-Partage,1,0,0.0
irontec/Ikasikusi-mobile,1,0,0.0
take5249/Maze8801,1,0,0.0
nkahoang/screenstandby,1,0,0.0
shollmann/weathy,2,0,0.0
AlexandreG/TouchSimulator,1,0,0.0
tacks-a/AnkiCard,1,0,0.0
jeremyje/android-volumewidget,1,0,0.0
Rap-ID/Rap-ID-Android,1,0,0.0
godsid/AndroidThailandOnly,1,0,0.0
kciray8/GuapTime,1,0,0.0
dresco/ANTRemote,1,0,0.0
SibDev/LessonScheduleNSPU,1,0,0.0
bobbyrne01/howfardoyouswim-android,1,0,0.0
Raegdan/tabunator,1,0,0.0
HoraApps/LeafPic,7,1,14.29
drewmiley/BattleshipAndroid,1,0,0.0
Medialoha/ACRA-Backend-Tester,1,0,0.0
gmcgibbon/RabbitEars,1,0,0.0
canonale/TimerSeries,1,0,0.0
brianwernick/PlaylistCore,10,1,10.0
pylapp/SmoothClicker,1,0,0.0
mmublackpirate/iymb,1,0,0.0
momonga/CalendarWatchFace,1,0,0.0
