repository,mttr_hours,mttr_level
00-Evan/shattered-pixel-dungeon,678.5544444444445,Low
00091701/ADFC-NewsApp-Mono,923.1922222222222,Low
0x1bad1d3a/Kaku,318.6777222222222,Low
1gravity/Android-ContactPicker,136.22666666666666,Medium
24HeuresINSA/24h-android-app,131.89015151515153,Medium
2fast2fourier/something.apk,2707.1519444444443,Low
42SK/TVKILL,24.02111111111111,Medium
42cc/p2psafety,103.15461111111112,Medium
452/USBHIDTerminal,4606.711527777778,Low
75py/Aplin,8277.589747474747,Low
75py/CallConfirm,11727.574583333331,Low
75py/Download-Confirm,0.9466666666666668,Elite
75py/My-pkgs,137.0326388888889,Medium
8enet/AppOpsX,21.752777777777776,High
AIDEA775/UNCmorfi,2679.842777777778,Low
APCVSRepo/hmi_sdk,18.253611111111116,High
AdamMc331/CashCaretaker,48.51277777777778,Medium
AdguardTeam/ContentBlocker,1211.0299377394638,Low
Adventech/sabbath-school-android,1251.1447549019606,Low
AfzalivE/AwakeDebug,97.20111111111112,Medium
Akusari/SD-Booster,1463.1991666666668,Low
Alabaster-Aardvarks/traveller,32.23657407407407,Medium
AlbertoCejas/GermanLearningUCA,132.07537037037036,Medium
AlbrechtL/welle.io,6709.490894886363,Low
AllanWang/Frost-for-Facebook,1557.3800969516594,Low
AlleIT/Alleinfo_Android,1648.350586419753,Low
AlstonLin/TheLearningLock,1201.7899652777778,Low
Amab/SWADroid,290.5071527777778,Low
AnaelMobilia/NextINpact-Unofficial,1385.5973554652212,Low
AndlyticsProject/andlytics,1600.4285251322751,Low
Andrano/Light,66.95805555555556,Medium
AndrewReitz/MagicLifeCounter,8731.160092592592,Low
AndrewReitz/encrypted-camera,3765.197777777778,Low
AnimeNeko/Atarashii,1617.5159455128205,Low
AntennaPod/AntennaPod,3217.630080705706,Low
AntonioRedondo/AnotherMonitor,8040.875555555555,Low
Antox/Antox,2778.937760770975,Low
Any1s/RBTV-Sendeplan,64.94303703703704,Medium
Apptitive/Ramadan,156.59138888888887,Medium
Archheretic/ParkingLotTrackerMobileApp,17.423703703703705,High
AsherGlick/Passcodes,1930.1136111111111,Low
Ashish-Bansal/OneTapVideoDownload,5923.087083333334,Low
Austin-Ray/Hexis,21.054166666666667,High
Azure-Samples/MyDriving,111.60576923076924,Medium
BackyardBrains/Spike-Recorder-Android,604.2803395061728,Low
BandUp/band-up-android,82.74880952380953,Medium
BeamNG/remotecontrol,3396.402986111111,Low
Bearded-Hen/Android-Bootstrap,2685.9688888888886,Low
BenAlderfer/RIT-Dining-Planner-Android,36.153055555555554,Medium
BenoitDuffez/AndroidCupsPrint,5979.702673611111,Low
Berlin-Vegan/berlin-vegan-guide,18989.426349206347,Low
Bernie-2016/bernie-messenger-android,1.9819444444444445,High
BeyondAR/beyondar,1942.671180555556,Low
BijdorpStudio/UrlSetter,3325.19140625,Low
BitPrepared/prbm-mobile,8410.400833333333,Low
BloopApp/Bloop,17.074166666666667,High
BlunchDev/blunch_android,54.34073148148149,Medium
BramBonne/privacypolice,4202.707314814815,Low
BuildmLearn/BuildmLearn-Toolkit-Android,970.155,Low
BullshitPingu/Guide7,104.75060185185184,Medium
CINPLA/neuronify,1817.4807026143792,Low
CODA-Masters/Little-Nibolas,115.87537037037038,Medium
CS-Worcester/TaskButler,42.14787037037037,Medium
CTC-CompTech/delivery,37.10955555555556,Medium
CUNYTech/BudgetApp,204.6505555555556,Low
Calsign/APDE,8815.040694444446,Low
CaptainSpam/geohashdroid,620.4925555555556,Low
Centril/sleepfighter,147.07638888888889,Medium
ChaosLeong/FxcnBeta,72.46194444444444,Medium
ChaseBro/MMDAgent,194.57777777777775,Low
ChristopherGittner/OSMBugs,4454.733888888889,Low
CodeforChemnitz/TheaterWecker,0.0844444444444444,Elite
CoderCoop/nativePlantsChesapeake,113.94361111111112,Medium
Coffeeboys/RenewPass,1821.4958333333327,Low
ColtanLabs/TapNote,1.826111111111111,High
CroceRossaItaliana/gaia-android,273.6630555555556,Low
CytoDev/FrequencyCalculator,32.7437037037037,Medium
DHBWLoerrach/CampusApp,6473.869583333333,Low
DHM47/Native-Clip-Board,2722.6744444444444,Low
DamienOReilly/PrepayCredit,1246.3390277777778,Low
DanielMartinus/Stepper-Touch,5050.772152777778,Low
Daskiworks/ghwatch,365.2527681992337,Low
David-Development/H-BRS-Android-Stundenplan,4.964444444444444,High
DaylightingSociety/WhereAreTheEyes,3073.1900000000005,Low
De7vID/klingon-assistant,6625.266944444445,Low
DecentralizedAmateurPagingNetwork/DAPNETApp,675.3209722222223,Low
DenizUgur/ninegagsaver,2406.525,Low
DerekMarcinyshyn/MMMFlashlight,1.6930555555555555,High
DevelopFreedom/logmein-android,60.67777777777778,Medium
DeveloperPaul123/FilePickerLibrary,2186.593055555556,Low
DevelopersGuild/rebel-invader,176.161875,Low
Devlight/NavigationTabBar,102.33441358024692,Medium
DigitalCampus/oppia-mobile-android,3107.665516739447,Low
Digitopia/Gamult,529.6499074074075,Low
Digitopia/PORTOphone-app,534.2178661616161,Low
Digutsoft/dMetronome,15.005277777777778,High
Dimezis/BlurView,4168.633148148148,Low
Divendo/math-dragon,2333.00745014245,Low
Djiko/trolly,1618.7037037037037,Low
DreierF/MyTargets,1272.9369097222225,Low
DroidKaigi/conference-app-2017,88.13756944444444,Medium
Drutol/MALClient,3394.342361111111,Low
DylanVann/react-native-fast-image,1968.5238523391813,Low
EasyRPG/Player,4000.425277777778,Low
EdwardvanRaak/MaterialBarcodeScanner,7328.269722222222,Low
ElectricDynamite/pasty-app-android,409.9779629629629,Low
EmmanuelMess/Simple-Accounting,469.2188888888889,Low
Esri/maps-app-android,2073.824154040404,Low
EveningMoon/Balance,13.840555555555556,High
EyeSeeTea/uicapp,82.99222222222222,Medium
FabriceMk/android-mycv,368.6130555555556,Low
FallenRiteMonk/ludus,59.277638888888895,Medium
FlyingPumba/SoundBox,468.23333333333335,Low
Fmstrat/odm,814.0475,Low
Fortyseven/ToneDef,10775.23962962963,Low
Frainbow/sharecam.frb-android,413.8353703703704,Low
FrancisG-Massey/Capstone2016,52.2364694041868,Medium
FraunhoferCESE/madcap,477.5097282608696,Low
Frozen-Developers/android-periodic-table,0.3488888888888889,Elite
GAlexMES/MusicArchivist,26.80384920634921,Medium
Garthi/Running-Leaderboard,58.12833333333333,Medium
Geobert/radis,533.6060987654321,Low
GimVic-app/gimvic-android,4215.775,Low
Give2Peer/g2p-client-android,1413.367962962963,Low
Grarak/KernelAdiutor,91.31152777777778,Medium
GrinnellAppDev/Grinnell-DB-Android-Old,8736.23861111111,Low
GrinnellAppDev/KDIC-Radio-Android,404.9847222222222,Low
GuacoIV/VisEQ,91.38712962962964,Medium
HRVBand/hrv-band,461.1288271604938,Low
HabitRPG/habitica-android,3775.119364104896,Low
HochschuleHofStundenplanapp/AndroidStundenplanHof,4749.081338383839,Low
HoraApps/LeafPic,535.2221717171717,Low
HugoGresse/Anecdote,552.6043055555556,Low
ISchwarz23/SortableTableView,2192.271444444444,Low
ITsvetkoFF/Kv-009,136.31216666666666,Medium
IYCI/MyClass,635.0893981481481,Low
Ifsttar/NoiseCapture,5851.783758169935,Low
Intermodalics/tango_ros,304.8385802469136,Low
ItsCalebJones/SpaceLaunchNow-Android,3255.8224305555555,Low
JMRI/EngineDriver,1.6991666666666667,High
JakeLane/Toffeed,66.53,Medium
JakeWharton/Telecine,373.9721296296296,Low
JaySoyer/Advanced-Adapters,402.5470138888889,Low
JediMaster93/Android-Wake-On-Lan,12.321944444444444,High
JoaquimLey/avenging,348.0206111111112,Low
JoaquimLey/faboptions,188.328253968254,Low
JohnPersano/SuperToasts,6205.268333333333,Low
Kamahl19/react-starter,329.6864285714286,Low
Katana-Steel/winehqappdb,43729.84805555556,Low
Kegbot/kegbot-android,21629.69453703704,Low
Kerooker/rpg-npc-generator,96.0475,Medium
Kjwon15/bluebirdradio,0.1302777777777777,Elite
KlubJagiellonski/pola-android,14963.27447222222,Low
KlubJagiellonski/poznaj-app-android,3238.9725,Low
KonradIT/goprohero,898.1427777777777,Low
Kyrremann/TagStory,1359.2847222222222,Low
Letme/give-me-coinsMonitoringApp,24.4525,Medium
LibertACAO/libertacao-android,35219.2837037037,Low
LitePalFramework/LitePal,2409.523333333333,Low
Longi94/bptf,8210.465,Low
LouisCAD/Splitties,2457.055590277778,Low
LukeStonehm/LogicalDefence,21407.51087962963,Low
MGaetan89/ShowsRage,1564.942164351852,Low
MJonesDev/Aperture-Gallery,3673.492638888889,Low
MJonesDev/Simple-Reminder-Android,217.90972222222223,Low
MPieter/Notification-Analyser,678.9822222222223,Low
Magister-Android/Magister-Android,20.988055555555555,High
MakinGiants/banjen,24137.167777777777,Low
Manabu-GT/EtsyBlur,710.3777777777777,Low
Mariovc/ImagePicker,1038.0651587301588,Low
MariusVolkhart/lyrics,6436.489722222223,Low
Mark-Lauman/DominionPicker,198.1748148148148,Low
MarquisLP/World-Scribe,1104.6970833333332,Low
MartinStyk/AndroidApkAnalyzer,2121.882962962963,Low
Maxr1998/MaxLock,4535.913833333334,Low
Meisterschueler/ogn-viewer-android,893.218611111111,Low
MettaCenter/DailyMettaApp,304.2684722222222,Low
MicMun/MiWoTreff,0.0894444444444444,Elite
Microsoft/ProjectOxford-ClientSDK,2487.0987962962963,Low
MiguelCatalan/MaterialSearchView,248.89944444444444,Low
Mindgreppers/lifemaker,215.9705555555556,Low
Mnkai/PGPClipper,4091.875111111112,Low
Mygod/nju-portal-login-android,2.27,High
MythTV-Clients/MythtvPlayerForAndroid,608.7645253164557,Low
Myzhar/RoboController,1295.703888888889,Low
Myzhar/SimpleTrainingTimer,311.1694444444444,Low
NCBSinfo/NCBSinfo,1229.8066666666666,Low
NCU-CC/NCU-CLUB,253.53875,Low
NCU-CC/NCU-MAP,31.386944444444445,Medium
NFCdroid/nfcapp,128.1601388888889,Medium
NasaGeek/utexas-utilities,1735.6331372549018,Low
Neamar/KISS,8091.380487341772,Low
Neraud/PADListener,567.5843093093093,Low
NeuroTechX/eeg-101,20074.075,Low
NevRA/Giraffe,175.61604166666666,Low
NijzinkM/ListLock,242.86655555555552,Low
Nimrodda/WizarDroid,2642.7867708333333,Low
NineWorlds/serenity-android,4449.186785714286,Low
NordicID/nur_sample_android,184.93909722222224,Low
NordicSemiconductor/Android-nRF-Toolbox,1936.4049074074076,Low
Nutomic/ensichat,1807.6290277777775,Low
Nutomic/movecerts,0.6408333333333334,Elite
Nxt3/IO_Classic_WatchFace,0.6266666666666667,Elite
ObjectiveTruth/UoitDCLibraryBooking,1133.3579166666666,Low
Onelio/ConnectU,165.93055555555554,Medium
OnlyInAmerica/BART,1005.2011111111112,Low
OpenLauncherTeam/openlauncher,3327.4401215277776,Low
OpenSageTV/sagetv-miniclient,5325.331631944445,Low
OpenSeizureDetector/Android_Pebble_SD,3489.808235596708,Low
OpenStreetMap-Monitoring/OsMoDroid,3852.058259803922,Low
OpsLabJPL/MarsImagesAndroid,250.83277777777775,Low
Ozzyboshi/InternetBeatTimeWatchFace,78.7161111111111,Medium
PGMacDesign/PGMacDesign-Android_RSR_Toolbox,107.71833333333332,Medium
PanicInitiative/PanicButton,1607.131769005848,Low
PaperAirplane-Dev-Team/BlackLight,707.3954248366014,Low
PawelBor/Year-4-Offer,15.268888888888888,High
PhenoApps/Coordinate,8278.48358974359,Low
PhenoApps/Field-Book,2842.81793504902,Low
Piasy/HandyWidgets,144.6425,Medium
PietsmietApp/pietsmiet_android,635.8684259259259,Low
Pixplicity/MultiViewPager,2684.2694444444446,Low
Polidea/react-native-ble-plx,4277.749416563403,Low
PowerInside/syncplayer,197.2280555555556,Low
PrivacyApps/birthday-calendar,3390.469389799636,Low
PrivacyApps/calendar-import-export,7078.920324074074,Low
PrivacyApps/offline-calendar,1317.392916666667,Low
PuffOpenSource/Puff-Android,16.417916666666667,High
Purdue-ACM-SIGAPP/PurdueLaundry-android,5143.160694444445,Low
Pushjet/Pushjet-Android,955.9427777777778,Low
Pushwoosh/pushwoosh-android-sdk,0.4547222222222222,Elite
QVDev/BlendleSDK,795.3933333333333,Low
Qualeams/Android-Face-Recognition-with-Deep-Learning-Test-Framework,1.0575694444444443,High
QuantumBadger/RedReader,11465.939762796505,Low
Quexten/UlricianumPlanner,42.66419444444445,Medium
QuickBlox/quickblox-android-sdk,7094.002722222223,Low
R-a-dio/R-a-dio-Amazing-Android-App,1.0794444444444444,High
RCasatta/EternityWallAndroid,120.82625,Medium
RSenApps/Commandr-Android,201.72916666666663,Low
RaD/ando-gettext-editor,381.1458641975309,Low
RandoApp/Rando-android,6348.3637407407405,Low
RayBa82/DVBViewerController,2.2711111111111117,High
RefugeRestrooms/refugerestrooms-android,1176.6986111111112,Low
ReyKoxha/nodebb-webview,9634.771111111111,Low
Richard-W/jenastop,0.3541666666666667,Elite
RobinJ1995/DistroHopper,24617.84231481481,Low
RocketChat/Rocket.Chat.Android,1024.6983774038465,Low
Rouji/Hupl,1081.1361111111112,Low
Routelandia/routelandia-android,226.25819444444448,Low
RuralRouteSoftware/ShareToIRC,304.78,Low
SUPERCILEX/Robot-Scouter,1233.6227588383838,Low
SafeSlingerProject/SafeSlinger-Android,1333.61,Low
SandroMachado/openalpr-android,258.21694444444444,Low
SaschaWillems/VulkanCapsViewer,2290.4461666666666,Low
Scaronthesky/UK-Gebaerden_Muensterland,1115.4251724137932,Low
ScreamingHawk/android-slideshow,539.4530017921147,Low
ScreamingHawk/fate-sheets,26.87298611111111,Medium
SeGarVi/PalmaBici,56.14592592592593,Medium
SecUSo/privacy-friendly-dice-game,228.91166666666663,Low
SecUSo/privacy-friendly-pedometer,15379.564670138889,Low
SecUSo/privacy-friendly-qr-scanner,8710.664857357357,Low
SecUSo/privacy-friendly-weather,8045.12318287037,Low
Sensirion/SmartGadget-Android,9338.223055555556,Low
Sigimera/sigimera-android-app,4039.1368055555554,Low
SimenCodes/heads-up,552.078230994152,Low
SimonMarquis/Android-PreferencesManager,472.5963888888889,Low
SimpleMobileTools/Simple-Calculator,8063.021865079365,Low
SimpleMobileTools/Simple-Calendar,3282.9106242312423,Low
SimpleMobileTools/Simple-Camera,11257.944281400964,Low
SimpleMobileTools/Simple-Draw,2716.5294791666665,Low
SimpleMobileTools/Simple-Flashlight,9156.446287878787,Low
SimpleMobileTools/Simple-Gallery,3920.9168254967817,Low
SimpleMobileTools/Simple-Music-Player,4704.754197530864,Low
SimpleMobileTools/Simple-Notes,3508.924698412698,Low
SimplicityApks/ReminderDatePicker,227.1770987654321,Low
Skarafaz/mercury,20180.494444444445,Low
Skylark95/Amazon-App-Notifier,1636.7703888888889,Low
SophieBartmann/Jinawa,2688.0486111111118,Low
SteamGifts/SteamGifts,528.7326328502415,Low
StoDevX/AAO-React-Native,1921.4444907407403,Low
StoryMaker/storymaker,558.6758333333333,Low
SubstanceMobile/GEM,388.6035858585858,Low
Subsurface-divelog/subsurface,2456.4511527035056,Low
SufianBabri/simple-material-library,740.4840277777778,Low
SvenDub/Dashboard,6751.662592592592,Low
TTTDevs/NextCloudBookmarksAndroid,32159.55888888889,Low
TUWien/DocScan,333.1747222222222,Low
TakWolf/CNode-Material-Design,4758.858174603175,Low
Tarostar/QMLGalaxyPortal,23.061666666666667,High
TeMoMuKo/AutoStopRace-Android,2146.7325,Low
Team980/ThunderScout-Android,7654.556666666666,Low
TeamAmaze/AmazeFileManager,5889.387106562137,Low
TekkLabs/memoria-politica,177.5295833333333,Low
TheAndroidMaster/Metronome-Android,15.489999999999998,High
TheFinestArtist/MovingButton,61.842777777777776,Medium
TonicArtos/StickyGridHeaders,9109.423598484847,Low
Tortel/DeployTrack,37.26083333333333,Medium
Tortel/SysLog,184.68027777777772,Low
TrekDev/Xamarin.Android.Skobbler,15.600416666666668,High
TruckMuncher/TruckMuncher-Android,247.2647619047619,Low
TweetMap/TweetMapForAndroid,61.813541666666666,Medium
Tyde/TuCanMobile,5408.055618686869,Low
TylerCarberry/2048-Battles,124.47912037037038,Medium
TyrfingX/TyrLib,1.0325,High
UCSD/campus-mobile,1681.7462906273622,Low
UweTrottmann/wp-display-android,11.203055555555556,High
V2Ray-Android/Actinium,363.350625,Low
VEINHORN/ScrollGalleryView,11151.664583333331,Low
VREMSoftwareDevelopment/WiFiAnalyzer,353.0307437275986,Low
Vavassor/Tusky,3067.4860285285285,Low
Velleman/WFS210-App,24.93138888888889,Medium
Vilbrekin/tinc_gui,461.95509259259256,Low
VisualizeMobile/AKANAndroid,231.67765873015875,Low
Vn0m/Sociadee,736.1888888888889,Low
VoteBrian/smoke-or-fire,158.22791666666666,Medium
VriesDeRick/RoosterwijzigingChecker,87.85622222222221,Medium
WSDOT/wsdot-android-app,1181.6979652777777,Low
Waboodoo/HTTP-Shortcuts,2571.9888639201,Low
Waboodoo/Status-Bar-Tachometer,72.3711111111111,Medium
WebMajstr-/pebble-navigation,64.38638888888889,Medium
Werb/PickPhotoSample,628.5989444444444,Low
WikiJourney/wikijourney_app,2999.7302777777777,Low
Wisebite/wisebite_android,5254.101388888889,Low
Wojtechnology/Sunami,16.507166666666667,High
WycliffeAssociates/translationRecorder,2994.6048148148147,Low
YaleSTC/YalePublic-android,1411.4915277777775,Low
YeomansIII/notiforward-android,1.181111111111111,High
Z3r0byte/Magis,386.0083024691358,Low
Z3r0byte/Magistify,515.4783444444445,Low
ZafraniTechLLC/Companion-For-PUBG-Android,1.468888888888889,High
ZorgeR/datFM,197.38166666666663,Low
aajn88/wakemeapp,87.7975,Medium
aayaffe/SailingRaceCourseManager,6511.872854938271,Low
abhijitparida/bunk,845.5334722222223,Low
abrensch/brouter,8624.5365,Low
ac-pm/Inspeckage,1242.4302777777775,Low
achromaticmetaphor/agram,1814.978055555556,Low
adamsp/DestinyRaidTimers,0.0613888888888888,Elite
adamsp/DreamInTweets,75.87861111111111,Medium
adamsp/wsnz-android,9448.32648148148,Low
adamwg/tracks-android,92.0348148148148,Medium
adithya321/Companion-for-Band,11.0325,High
affogatoman/SchoolParser,65.89611111111111,Medium
agargiulo/gatekeeper-android,305.83972222222224,Low
agersant/polaris-android,3880.185648148148,Low
ahmetkizilay/PhotoStrips,10.25361111111111,High
ahuskano/Sensors-Adventure,0.0205555555555555,Elite
ai212983/android-spinnerwheel,3838.0419444444447,Low
aikuma/aikuma,1933.055,Low
airbnb/lottie-android,1080.0814067739773,Low
ajaykumarkannan/Sense-and-Sanity,446.1721296296296,Low
ajhodges/WifiCallingControls,5054.840520833333,Low
akechi/project-l,1680.8791666666666,Low
akihito104/UdonRoad,1461.757152777778,Low
akshay2000/MonocleGiraffe,31.291944444444443,Medium
akvo/akvo-caddisfly,2525.118263888889,Low
akvo/akvo-rsr-up,5586.862966666667,Low
alaskalinuxuser/app_justnotes,66.15277777777779,Medium
albb0920/LunaTerm,4837.611898148148,Low
alcacoop/it.alcacoop.backgammon,5321.121666666667,Low
aldld/ColourDB,323.13916666666665,Low
alexismp/egress,50.28083333333333,Medium
alexvasilkov/FoldableLayout,23.946944444444444,High
alexvasilkov/GestureViews,3574.390942760943,Low
allegro/fogger,23137.81027777778,Low
allsoft777/MVP-with-Firebase,14.7275,High
alphadev-net/drive-mount,68.88740740740741,Medium
aminb/mathtools,120.29777777777778,Medium
anastr/SpeedView,1823.710162835249,Low
andreiciubotariu/contact-notifier,115.12583333333332,Medium
andremion/Louvre,6954.418680555556,Low
andresoviedo/android-3D-model-viewer,3252.91661231884,Low
andrewromanenco/git.android,463.1743055555555,Low
andreyrd/ListLauncher,2830.2790873015874,Low
andstatus/andstatus,3173.531930555556,Low
andybalaam/rabbit-escape,5183.421279761905,Low
anselm94/Torchie-Android,199.35111111111112,Low
antest1/kcanotify,5009.723995726496,Low
anthonycr/Lightning-Browser,11856.620069444443,Low
anwilli5/coin-collection-android-US,194.58515873015872,Low
anycook/anycook-einkaufszettel-android,3293.638722222222,Low
apotapov/tafl,107.69503267973856,Medium
apotter96/PowerOfGod,436.57166666666666,Low
appteam-nith/Hillffair,81.83796296296296,Medium
aragaer/jtt_android,1768.0253888888888,Low
arcao/Geocaching4Locus,365.0586029411765,Low
areina/elfeed-cljsrn,37033.76944444444,Low
argilo/BusFollower,51.46333333333333,Medium
arhughes/droidchatty,579.3886111111111,Low
arnef/ligatool-hamburg,114.46472222222222,Medium
asafge/NewsBlurPlus,114.99777777777778,Medium
asamm/locus-api,2270.978086419753,Low
ascendedguard/android-kanji-fix,5187.1575,Low
aseba-community/thymio-vpl2,1283.4249603174603,Low
athimel/mh-dla-notifier,1192.475222222222,Low
athimel/zoumtarot,0.0425,Elite
aurasphere/blue-pair,3188.5834444444445,Low
autowp/CANreader,321.35125,Low
auxua/MensaApp,1195.7719444444444,Low
avast/sms-ticket,750.2345370370371,Low
avram/zandy,4072.773663194445,Low
barryoneill/pingly,142.33305555555555,Medium
barterli/barterli_android,0.4752777777777778,Elite
basobu/baolizer-android,2527.3631944444446,Low
bdiegel/android-giftwise,40.820277777777775,Medium
beckhamds/nasa-imagery-fetcher,3879.206388888889,Low
beenotung/music-player,198.25027777777777,Low
begeekmyfriend/yasea,160.88080808080807,Medium
belatrix/AndroidAllStars,477.8202947845805,Low
benstreb/RPGme,156.3376111111111,Medium
berict/Tapad,291.97542035398226,Low
berrnd/Time-Recording-Auto-Export-Tasker-Plugin,203.3213888888889,Low
beta/cloudier,0.1658333333333333,Elite
bewantbe/audio-analyzer-for-android,82.83944444444444,Medium
bgd-point/daily-dhamma,315.6065277777778,Low
bitbrain/acid-snake,478.4745138888889,Low
bitbrain/clouboy,23.638611111111107,High
bitcraze/crazyflie-android-client,641.7384722222222,Low
bither/bither-android,0.0080555555555555,Elite
bk138/multivnc,2014.934154761905,Low
bkromhout/Minerva,120.9856704980843,Medium
bl-lia/kktAPK,158.41166666666666,Medium
blaztriglav/did-i,4303.041944444445,Low
bleissem/babyphone,1.584722222222222,High
bluejamesbond/TextJustify-Android,67.58277777777778,Medium
bogdan-cornianu/Wake2Radio,69.23916666666666,Medium
borfast/arrispwgen-android,38.535833333333336,Medium
bosik/diacomp,2277.3530599647265,Low
bottiger/SoundWaves,936.4734544159544,Low
bparmentier/WiFiKeyShare,3353.9913611111106,Low
bradmont/OpenMPD,2342.704965277778,Low
brarcher/loyalty-card-locker,4981.197388888889,Low
breadwallet/breadwallet-android,52.33069444444445,Medium
brentn/TomatoHub,6.591111111111111,High
brianwernick/PlaylistCore,1575.6223412698414,Low
bright-tools/androidphotobackup,26.44638888888889,Medium
brolam/OpenHomeAnalysis,196.70712962962963,Low
btcontract/wallet,2504.024126984127,Low
btimofeev/UniPatcher,27.7875,Medium
buddycloud/buddycloud-android,1089.6857821637427,Low
butzist/ActivityLauncher,211.97354166666668,Low
bwang95/afn-otg-android,26.39611111111111,Medium
c3nav/c3nav-android,8719.191944444445,Low
caarmen/FRCAndroidWidget,1937.157420634921,Low
caarmen/PalidaMuerte,21.601111111111116,High
caarmen/nounours-android,42.836527777777775,Medium
caarmen/poet-assistant,304.8019290123457,Low
caarmen/scrumchatter,397.618141025641,Low
caarmen/youreawinner,8294.992361111112,Low
cachapa/AerialDream,25904.38125,Low
calintat/units,2.395555555555556,High
calvinaquino/LNReader-Android,779.6430164930556,Low
camilotejeiro/android_quotes_display_apps,812.52,Low
carvilsi/PCBridge_Android,734.5956944444445,Low
casimir/simpleDeadlines,672.5097685185185,Low
castaway2000/PawpadsAndroid,2744.1754166666665,Low
castorflex/SmoothProgressBar,3414.810833333333,Low
cauchymop/goblob,510.84421296296296,Low
cbeyls/fosdem-companion-android,111.18555555555557,Medium
ccomeaux/boardgamegeek4android,6970.293148148147,Low
ccrama/Slide,1747.173906862745,Low
ceaseless-prayer/CeaselessAndroid,3357.586898148148,Low
cesardmoro/brewapp,238.4663888888889,Low
cgreenhalgh/opensharingtoolkit-kiosk,30.7035,Medium
chaosbastler/opentraining,713.5796031746031,Low
chdir/aria2-android,12581.787,Low
cheahjs/WarDroid,66.315,Medium
chengxinlun/Stellarium-android,3.571388888888889,High
chetstone/react-native-palette,24.77555555555556,Medium
chris-carneiro/Wi-Fi-Toggler,955.4757936507938,Low
chrispbailey/ToDo-List-Widget,2197.901388888889,Low
chriswalker/DashTube,1637.1197222222222,Low
chrsep/Kingfish,2401.588111111111,Low
chteuchteu/Munin-for-Android,1564.4857407407408,Low
chthai64/overscroll-bouncy-android,229.65583333333333,Low
citiususc/calendula,2423.3550841750844,Low
ciuc/InternetRadioClock,6679.462870370371,Low
clayfish/torch,2620.3205555555555,Low
clementine-player/Android-Remote,686.0686666666668,Low
cmurtheepic/Mizer,81.45714285714287,Medium
cndbain/lakemendotabuoy,0.2291666666666666,Elite
codeforgreenville/trolley-tracker-android-client,7171.723450292398,Low
coder3101/Matrix-Calculator-for-Android,151.531875,Medium
codinguser/gnucash-android,2032.380007215007,Low
cohenadair/anglers-log,2333.2434353922613,Low
commons-app/apps-android-commons,4217.606378801299,Low
contentful/gallery-app-android,0.3536111111111111,Elite
corcoran/Hangar,132.8788888888889,Medium
cornedor/mayhem,539.5913333333334,Low
crazyhitty/Munch,1021.7171527777778,Low
crazyhitty/Rss-Manager,989.5405555555556,Low
criticalmaps/criticalmaps-android,1793.5265277777776,Low
csound/csound,852.2985820275404,Low
cubei/FlappyCow,4769.125277777778,Low
curtbinder/AndroidStatus,2731.628968253968,Low
cymcsg/UltimateRecyclerView,3107.112439613527,Low
czlee/debatekeeper,33327.13925925926,Low
d-max/plua,643.0311111111112,Low
dafi/photoshelf,212.86475694444445,Low
daimajia/EverMemo,2449.0675,Low
dan-zx/twitt4droid,82298.20583333333,Low
daneren2005/Subsonic,903.5638275391956,Low
daniel-stoneuk/material-about-library,408.942037037037,Low
danirod/rectball,3730.787510288066,Low
danrien/projectBlue,1404.7305555555556,Low
daquexian/chaoli-forum-for-android-2,177.0376388888889,Low
dasmikko/facepunchdroid,2078.8212444444443,Low
davemorrissey/subsampling-scale-image-view,714.865238095238,Low
davidfischer/civilopedia-v,0.1591666666666666,Elite
davidgraeff/Android-NetPowerctrl,698.5594444444445,Low
davidshen84/ResetWiFi,0.9005555555555556,Elite
dbaelz/OnOff-Tracker,0.3638888888888889,Elite
deepaktwr/BitFrames,43.83583333333333,Medium
delight-im/Android-AdvancedWebView,823.2974537037038,Low
denisk20/bullshit-bingo-champion,130.53879629629628,Medium
devolonter/Pretty-Painter,302.6327777777778,Low
dhbw-timetable/dhbw-timetable-android,587.2952777777778,Low
dhis2/dhis2-android-dashboard,5529.160277777778,Low
dhis2/dhis2-android-eventcapture,959.1766666666666,Low
dhis2/dhis2-android-trackercapture,2185.3356432748537,Low
dhmncivichacks/isitrecyclingweek-android,2326.079351851852,Low
diegocarloslima/ByakuGallery,1117.627222222222,Low
diegocarloslima/FloatingGroupExpandableListView,230.98088383838385,Low
diegoponciano/biblia-ccb,1929.47625,Low
digital-voting-pass/polling-station-app,144.24817901234567,Medium
dimtion/Shaarlier,6130.8542777777775,Low
djschilling/sopa,52.36958333333333,Medium
dkrivoruchko/ScreenStream,2.460277777777778,High
dkunzler/masterpassword,46.64111111111111,Medium
dlew/android-ragefaces,1719.1892424242424,Low
doerfli/hacked,202.01978174603173,Low
doerfli/leavemealone,122.07716049382717,Medium
donglua/PhotoPicker,421.0111805555556,Low
donkirkby/vograbulary,1093.8091358024692,Low
dpcsoftware/Expenses,800.7505555555556,Low
drmercer/Ponderizer,17.858194444444443,High
droidcon/iosched,62.7662037037037,Medium
drpout/boilr,1176.189466374269,Low
drymarev/rxbsuir,1.108472222222222,High
dsoulayrol/android-sholi,2579.743809523809,Low
dwaynehoy/OpenDialer,101.85861111111112,Medium
e-ucm/ead,1042.3507135076252,Low
edwise/DedicaMNS,1840.229837962963,Low
eisnerd/mupeace,285.0229166666666,Low
ekylibre/zero-android,2750.2867962962964,Low
el1t/Iolite,6018.321666666667,Low
elan-ev/StudIPAndroidApp,2899.824708994709,Low
elec-otago/agbase-weather-app,946.3066666666666,Low
elixsr/FwdPortForwardingApp,159.55194444444444,Medium
ellenpoe/TuxRacer-SDL2,15079.646805555556,Low
elman22/pocket-amc-reader,8783.157291666666,Low
elpassion/el-space-android,351.3873148148148,Low
elsewhat/com.elsewhat.android.slideshow,315.24361111111114,Low
elyas-bhy/CampusUB1,29.52669934640523,Medium
emivaljr/hojenaoapp,59.02965277777778,Medium
ennswi/AndroidCaldavSyncAdapater,27390.311388888884,Low
enotio/Tempest,99.15166666666669,Medium
enra64/Votenote,682.0595679012346,Low
enviroCar/enviroCar-app,5982.534023482246,Low
enz/pentobi,7763.603611111111,Low
equeim/tremotesf-android,247.85805555555555,Low
ericberman/MyFlightbookAndroid,1425.5675,Low
eurofurence/ef-app_android,864.4502396514162,Low
evernote/evernote-sdk-android,242.0175,Low
ezet/penguins-in-space,211.01833333333332,Low
eziosoft/MultiWii_EZ_GUI,842.2450000000001,Low
f00f/TrainingApp,285.6022222222222,Low
fabian7593/MagicalCamera,10805.090925925926,Low
fadelakin/vortex,67.46277777777777,Medium
fedefernandez/MyAppList,5.094074074074075,High
federicoiosue/checklistview,789.8488888888888,Low
fekracomputers/IslamicLibraryAndroid,1922.1982407407409,Low
felixb/callmeter,434.4871064814815,Low
felixb/no-cloud-share,340.42305555555555,Low
felixb/smsdroid,933.9225,Low
fenimore/DemocracyDroid,2099.706512345679,Low
feragusper/BuenosAiresAntesYDespues,1661.0412500000002,Low
fhstp-mfg/mobilot,584.2899537037036,Low
firebirdberlin/nightdream,801.9093783068784,Low
firebirdberlin/rocketlaunch,311.6430555555556,Low
firebirdberlin/tinytimetracker,170.58444444444444,Low
firejake308/Show-And-Sell,447.1044444444444,Low
flavioarfaria/KenBurnsView,7238.890138888889,Low
flide/TouchBoard,6025.67625,Low
flopshot/Capstone_Project,96.82027777777778,Medium
florent37/MaterialTextField,73.7725,Medium
florent37/MaterialViewPager,311.17717592592595,Low
forrestguice/thunder-stopwatch,46.86953703703704,Medium
franciscojunior/Vampidroid,410.5325,Low
fridayideas/daytomato,166.74612962962962,Medium
ftisunpar/juklak,5590.101388888889,Low
ftlno/abakaffe-android,7.206666666666667,High
futurice/hemmo-app,91.54944444444445,Medium
futurice/meeting-room-tablet,123.45972222222224,Medium
futurice/vor,72.42046296296296,Medium
fvasco/pinpoi,144.37972222222223,Medium
fython/Blackbulb,955.511388888889,Low
fython/PackageTracker,9741.457916666666,Low
gandulf/DsaTab,5237.4124688057045,Low
gappleto97/MultiCalc,211.6255555555556,Low
gatheringhallstudios/MHGenDatabase,47.00805555555556,Medium
gatzka/android-scan,427.61625,Low
gazlaws-dev/codeboard,13414.762222222222,Low
gbl08ma/underlx,263.9975,Low
ge0rg/aprsdroid,6769.897067901234,Low
geeksville/arduleader,871.2538888888889,Low
gentlecat/counter,10100.962462962962,Low
gianasista/tldr-viewer,54.97416666666666,Medium
gina-alaska/gina-puffinfeeder-android-viewer,47.68083333333333,Medium
gitskarios/Gitskarios,492.9626240079365,Low
glodanif/BluetoothChat,141.44611111111112,Medium
glowing-bear/glowing-bear-cordova,3194.3215277777776,Low
goinstant/android-sdk-guides,71.77527777777777,Medium
goodtime-productivity/Goodtime,11843.014019607845,Low
google/paco,5847.664212629896,Low
google/watchpresenter,952.4177777777778,Low
googlesamples/android-testdpc,1032.2470833333334,Low
gowong/material-sheet-fab,169.42194444444445,Low
greenfrvr/hashtag-view,2371.6018055555555,Low
grote/Transportr,4511.875049137585,Low
guardianproject/ObscuraCam,1100.793400900901,Low
h3u/yauc,281.6425,Low
h6ah4i/android-openslmediaplayer,1792.2876851851852,Low
h6ah4i/android-verticalseekbar,635.5465740740741,Low
hacktx/electron,0.1422222222222222,Elite
hanneseilers/Mensa-SH,35.0775,Medium
hashikuchi/TexchangeApp,1693.8774603174604,Low
hazuki0x0/YuzuBrowser,180.69616319444444,Low
hbb20/CountryCodePickerProject,1237.8694444444443,Low
hcmlab/ssj,132.29888888888888,Medium
hedzr/android-file-chooser,4111.705833333333,Low
heinrichreimer/android-issue-reporter,5570.718944444444,Low
heinrichreimer/material-drawer,1227.7474074074073,Low
heinrichreimer/material-intro,1818.7076684881604,Low
heinrichreimer/material-singleinputform,2363.5136111111115,Low
henrichg/PhoneProfilesPlus,267.728207070707,Low
hgdev-ch/toposuite-android,23264.803333333333,Low
hgzimmerman/CnC-Online-Spymaster,0.8269444444444445,Elite
hhroc/yellr-android,267.10285087719296,Low
hhua/product-hunt-android,17.027314814814815,High
hidroh/materialistic,593.2812037037037,Low
hiposfer/hive,910.5293981481482,Low
hoang8f/android-flat-button,327.24041666666665,Low
holylobster/nuntius-android,0.2713888888888889,Elite
honza-kasik/OlomouckyBazen,84.25273148148148,Medium
hsson/card-balance-app,93.98381944444444,Medium
hubbardgary/LondonTrails,99.36138888888888,Medium
hybrezz54/OnTheProwl-Android,0.0008333333333333,Elite
hzsweers/palettehelper,1529.6992777777778,Low
iSoron/uhabits,3575.8454603909463,Low
iTXTech/Daedalus,3234.253425925926,Low
iamovrhere/MorseFlash,51.53777777777778,Medium
ianhanniballake/ContractionTimer,81.44047008547008,Medium
ianhanniballake/TripleSolitaire,39.725,Medium
icasdri/Mather,1745.5380555555555,Low
iffa/SSKKY-ruokalista,3955.3347222222224,Low
iiordanov/remote-desktop-clients,6629.132982905983,Low
ikarus23/MifareClassicTool,5606.916986111111,Low
indianpoptart/Parks-and-Recreation,2240.7747222222224,Low
indianpoptart/RadioControl,2161.669626068376,Low
indywidualny/Centrum.fm,0.0988888888888888,Elite
infoeducatie/infoeducatie-android,19.087777777777777,High
ismail-s/JTime,341.5210555555556,Low
j4velin/Pedometer,5322.864722222223,Low
j4velin/SystemAppMover,414.1283333333333,Low
jackpf/BlockchainSearch,88.92560606060606,Medium
jamieadkins95/Heistr,266.5878395061728,Low
janoliver/pOT-Droid,673.4220687830688,Low
jareddlc/OpenFit,32.558194444444446,Medium
javiersantos/AppUpdater,900.7829320987654,Low
javiersantos/MaterialStyledDialogs,1558.4494841269843,Low
jawg/osm-contributor,664.6940993265993,Low
jberkel/sms-backup-plus,10618.100025252525,Low
jchmrt/clean-calculator,33.50555555555555,Medium
jcolladosp/PimPam,14341.178680555557,Low
jerrymannel/ISawABird,87.08869047619046,Medium
jetkov/neatpad,46.14277777777778,Medium
jgaa/VikingGTD,16818.156944444443,Low
jguerinet/MyMartlet,1043.1791203703704,Low
jklmnn/ParkenDD,622.7817592592593,Low
jmalenko/alarm-morning,3532.220055555556,Low
jmsalcido/catapi-android,4.157055555555556,High
joanpuigsanz/servdroid,565.062361111111,Low
johannilsson/sthlmtraveling,828.8942094017094,Low
johnjohndoe/Umweltzone,1074.295601851852,Low
johnkil/Print,555.6428472222223,Low
johnzweng/bankomatinfos,107.55564814814814,Medium
joielechong/CountryCodePicker,1341.2072222222223,Low
jonasoreland/runnerup,13538.546004273505,Low
jonatantierno/scrumdailytimer,347.5540555555556,Low
jpardogo/ListBuddies,1510.90375,Low
jpeddicord/speedofsound,4038.023777777778,Low
jruesga/rview,600.7785483870967,Low
jrvansuita/MaterialAbout,21098.841944444444,Low
jrvansuita/PickImage,10292.912888888888,Low
jrzimmerman/bestrida-rn,154.07583333333332,Medium
jschmid/WhereAreYou-Android,0.0708333333333333,Elite
jt19056/Notey,633.4826697530865,Low
jtechapps/FloppyThreeD,15.356388888888889,High
jtmcn/archwiki-viewer,729.6351388888888,Low
julianctni/mensaDD,101.14763888888888,Medium
junjunguo/PocketMaps,10374.931041666669,Low
jurihock/voicesmith,37134.57732638888,Low
justdave/MCStatus,11737.363101851852,Low
k-kojak/yako,429.2276495726496,Low
k3b/ContentProviderHelper,133.48805555555555,Medium
kabouzeid/Phonograph,2139.8686293260475,Low
kahluagenie/muzei-gopro,149.3113888888889,Medium
kaichunlin/android-transition,4.926666666666667,High
kaloyan-raev/eclipse-ui-tips,112.7213888888889,Medium
kamegami13/MonsterHunter4UDatabase,5.434722222222222,High
kaozgamer/Find-My-Phone,4892.369722222223,Low
kaozgamer/GradeCalculator,2.660277777777778,High
kartikarora/Transfer.sh,30440.719305555554,Low
kd8bny/maintenanceMan,1338.4676851851852,Low
kebernet/shortyz,26473.126111111116,Low
keefmarshall/fco-alerts-app,237.65583333333333,Low
ken-kentan/student-portal-plus,16.075,High
kenumir/Pinger,1.1733333333333331,High
keyboardsurfer/Crouton,6511.100416666666,Low
kflog-project/Cumulus,286.1487948028674,Low
khasang/SmartForecast,714.8233796296296,Low
khertan/ForRunners,6600.291944444444,Low
kiall/android-tvheadend,974.5478306878306,Low
kimsin3003/X10,151.01763888888888,Medium
kirimin/mitsumine,1135.3195138888889,Low
kiruto/debug-bottle,622.2438888888889,Low
klnusbaum/UDJ-Android-Client,722.3945138888889,Low
kloener/visor-android,11596.959814814814,Low
kmzbrnoI/hJOPandroidDriver,7556.045833333334,Low
knilch0r/freeshisen,78.2838888888889,Medium
kodsnack/kodsnack-android,0.0426388888888888,Elite
kollerlukas/Camera-Roll-Android-App,437.721317204301,Low
konifar/droidkaigi2016,17.23875478927203,High
konradrenner/kolabnotes-android,1300.2241327913275,Low
kontalk/androidclient,822.9950856102004,Low
kort/kort-native,1766.4156944444444,Low
kost/NetworkMapper,3885.136944444445,Low
krcla/KnowYourRightsApp,72.9961111111111,Medium
krishnaraj/oneclipboard,12448.791111111112,Low
krossovochkin/MorseKeyboard,31.504722222222224,Medium
krtkush/LinearTimer,5442.8224206349205,Low
krtkush/MarsExplorer,275.34069444444447,Low
kshoji/BLE-MIDI-for-Android,554.5443055555555,Low
kshoji/USB-MIDI-Driver,586.1861904761905,Low
ksoichiro/SimpleAlertDialog-for-Android,45.35680555555555,Medium
kurtmc/MyEarnings,5551.855833333333,Low
kwmt/GitHubSearch,646.9008333333334,Low
kylecorry31/ShutUpAndDrive,78.2501388888889,Medium
kyriog/VoxPopuli-Android,911.7278472222224,Low
kyriog/rights-alert,54.5325,Medium
lambdasoup/blockvote,8.265277777777778,High
lambdasoup/watchlater,4607.891234567902,Low
laurentsebag/android-wifi-timer,2033.8397222222225,Low
ldionmarcil/OSRSHelper,1979.948373015873,Low
learningtitans/paperclickers,50.91148148148148,Medium
lecho/hellocharts-android,586.8855917874396,Low
leinardi/UbuntuCountdownWidget,2.1355555555555554,High
lewismcgeary/AndroidGameofLife,222.88703703703703,Low
lfdversluis/TUDirect-Android,171.13125,Low
ligi/FAST,16813.39638888889,Low
ligi/PassAndroid,533.4144230769231,Low
ligi/SurvivalManual,2907.3035185185186,Low
linklux/android-schedules,1045.7592676767676,Low
linuxtage/glt-companion,3273.7967222222223,Low
lloydtorres/stately,104.10527777777776,Medium
loadrunner/Facebook-Contact-Sync,564.0433333333333,Low
loairpa/DiceInDark,596.1030555555556,Low
loehnertz/HSRMMedialabTimetableApp,21.20558641975309,High
longdivision/hex,295.2977777777777,Low
lordi/tickmate,29231.631666666668,Low
louisbloom/loananalyzer,216.855,Low
louistsaitszho/Erg-Alpha,206.55027777777775,Low
lpaulger/cribbage-the-game,182.42231678487,Low
luankevinferreira/expenses,956.8005555555555,Low
lucas-tulio/decimal-clock-widget,580.4586111111112,Low
luckytoilet/WATisRain,2782.324209401709,Low
luoyuan800/NeverEnd,175.165,Low
lz1asl/CaveSurvey,1793.8053985507247,Low
macGRID-SRN/hitchBOT,229.1318055555556,Low
madhur/DashAnalytics,36.6615404040404,Medium
madhur/GAnalytics,49.903333333333336,Medium
mafik/echo,93042.42,Low
maggardJosh/Tiles,13.845514705882351,High
mail929/Lister,82.0854012345679,Medium
makovkastar/FloatingActionButton,879.2022222222222,Low
malmstein/yahnac,2505.014722222222,Low
mamewotoko/podplayer,903.6063888888888,Low
manishsgaikwad/MusicID,11757.885277777776,Low
mappiamo/mapi-app,370.12395833333335,Low
marco97pa/punti-burraco,419.0641666666667,Low
marcocorvi/topodroid,2964.7078846153845,Low
markormesher/android-fab,113.93842592592593,Medium
martin-stone/hsv-alpha-color-picker-android,187.33425925925928,Low
martinohanlon/BlueDot,628.9652777777777,Low
martykan/forecastie,6577.123605555556,Low
marunjar/anewjkuapp,279.1885185185185,Low
marverenic/Jockey,2168.7723688271603,Low
marxsk/zobro,10.29,High
masahide318/Croudia-for-Android,32.56111111111111,Medium
matejdro/PebbleDialer-Android,6038.611944444445,Low
matejdro/PebbleNotificationCenter-Android,219.9208333333333,Low
mateuszbuda/ThermometerExtended2,171.28972222222222,Low
matheussampaio/pomt-android-app,1.0163888888888888,High
mathisdt/trackworktime,7324.6547875817,Low
mattelacchiato/FastBudget3,691.9848888888889,Low
mattstraehl/AmgiNori,105.78916666666667,Medium
mauiaaron/apple2,10491.48065972222,Low
maxanier/Vertretungsplan,665.1088580246914,Low
maxiee/HeartBeat,51.66791666666666,Medium
mcprog/ragnar,47.09194444444445,Medium
mcruncher/worshipsongs-android,1409.860688736682,Low
mediavrog/integrated-rating-request,880.7986111111111,Low
meefik/linuxdeploy,1890.151388888889,Low
meetshah1995/TechFest2k15,7.311481481481482,High
melkonyan/Timetable,396.94261904761913,Low
mendhak/gpslogger,1500.443146766169,Low
mercuriete/ajmrtd2,2400.842777777778,Low
mgolokhov/dodroid,695.6474999999999,Low
mgsx-dev/rainstick,23.00638888888889,High
mhoeher/opentodolist,751.1590277777779,Low
michaelbarlow7/dungeon-crawl-android,1676.3508333333336,Low
michaelkourlas/voipms-sms-client,2975.9881450094163,Low
michalmazur/orphaned-texts,297.28319444444446,Low
micolous/metrodroid,2379.785869565217,Low
midhunhk/random-contact,670.3757777777778,Low
midhunhk/trip-o-meter,568.189246031746,Low
mikepenz/Android-Iconics,277.0225,Low
mikepenz/FastAdapter,226.20265873015876,Low
mikepenz/MaterialDrawer,93.96532515073211,Medium
miketrewartha/positional,185.81333333333333,Low
milindur/MdkControlApp,1681.7830555555556,Low
mitch-b/whoisit-android,232.8945833333333,Low
mkaradeniz/MaterialMensa,76.05472222222222,Medium
mkelandis/ReadingLog,6918.072407407407,Low
mkorcha/MediaButtonOverlay,255.28277777777777,Low
mobfox/MobFox-Android-SDK,227.90039682539685,Low
moezbhatti/qksms,5633.039964838256,Low
mofosyne/tagdrop,2.6925,High
momodalo/vimtouch,771.2490972222223,Low
moneymanagerex/android-money-manager-ex,1475.1081695652174,Low
mono/SkiaSharp,3749.4645580296897,Low
montselozanod/LearnPop,74.78527777777778,Medium
moonlight-stream/moonlight-android,2250.4366767676765,Low
moravianlibrary/kramerius-for-android,599.5653968253968,Low
mosmetro-android/mosmetro-android,353.68113547758287,Low
movim/movim_android,18.119444444444444,High
mozilla-mobile/focus-android,4808.343717350746,Low
mozilla/MozStumbler,1593.7961354166669,Low
mpcjanssen/simpletask-android,3146.158003246753,Low
mpiannucci/HackWinds-Android,616.2640532879819,Low
mpv-android/mpv-android,6310.821471734893,Low
mr-glt/OpenScout,4.104583333333333,High
mridang/dashclock-cyanight,27.839166666666667,Medium
mridang/dashclock-hotspot,13369.075694444444,Low
mridang/dashclock-location,341.2341666666667,Low
mridang/dashclock-weeknum,1978.473055555556,Low
mrpdaemon/encdroid,969.4951646090536,Low
msal/muzei-nationalgeographic,393.734375,Low
mschlauch/comfortreader,470.0202777777778,Low
mtransitapps/mtransit-for-android,2902.2863888888887,Low
murgo/IrssiNotifier,2455.734748062016,Low
mustafakalash/vexscouter,28.221666666666668,Medium
mutualmobile/CardStackUI,203.0063888888889,Low
muvari/restaurant-mediator,53.73416666666667,Medium
mvarnagiris/expensius,5.204444444444444,High
mxn21/FlowingDrawer,5645.154907407407,Low
mzlogin/CleanExpert,1.6022222222222222,High
nathan-osman/chronosnap,30.900277777777777,Medium
nbd9/UnityPlanner,4593.018518518518,Low
nbenm/ImapNote2,958.1719444444444,Low
nbossard/packlist,1030.3040798611112,Low
ndhunju/dailyJournal,5398.855833333333,Low
netmackan/ATimeTracker,7954.867126068376,Low
neurodroid/cryptonite,0.0128431372549019,Elite
nextgis/metro4all-android,1403.7518686868686,Low
nextgis/nextgislogger,1795.122142857143,Low
nextgis/ngm_clink_monitoring,416.1313363363364,Low
nguillaumin/osmtracker-android,13566.33216540404,Low
nick11roberts/Moka-Scanr,15.100555555555555,High
nickfox/GpsTracker,73.47611111111111,Medium
nightscout/android-uploader,981.4372777777778,Low
nikolamilosevic86/owasp-seraphimdroid,2385.317037037037,Low
niqdev/ipcam-view,1785.6196666666667,Low
nirabpudasaini/Mero-Bhada-Meter,132.86569444444444,Medium
nispok/snackbar,584.4817708333334,Low
nitroshare/nitroshare-android,3929.833194444445,Low
nkming2/power-menu,1132.1641435185186,Low
noboru-i/ReadItNow,314.69750000000005,Low
noboru-i/TetherSetting,2266.943888888889,Low
nonylene/PhotoLinkViewer,1275.7122875816992,Low
nostra13/Android-Universal-Image-Loader,935.907135885886,Low
notriddle/budget-envelopes,127.70416666666668,Medium
npes87184/S2TDroid,58.68694444444444,Medium
nutritionfactsorg/daily-dozen-android,1993.633111111111,Low
nvllsvm/Audinaut,5857.944416666667,Low
oSoc14/Artoria,94.9405982905983,Medium
oaken-source/exceer,172.80833333333334,Low
oakesville/mythling,3641.44496031746,Low
octaltech/fixmephone,0.6683333333333333,Elite
ogarcia/opensudoku,49.55277777777778,Medium
ojacquemart/vlilleChecker,2151.951125,Low
oldergod/red,226.25203703703707,Low
oliexdev/openScale,2582.3627329749106,Low
opacapp/opacclient,1842.585665905632,Low
open-keychain/open-keychain,1768.6798814578913,Low
openforis/collect-mobile,289.72333333333336,Low
opengisch/QField,9283.758074823378,Low
openwebnet/openwebnet-android,995.51512345679,Low
openxc/openxc-android,5032.214710648148,Low
orgzly/orgzly-android,1810.8099504950492,Low
osfans/trime,4756.526396677051,Low
osmdroid/osmdroid,2801.8042665867306,Low
outadoc/SplatCompanion,23.22083333333333,High
oxoooo/materialize,0.1161111111111111,Elite
ozbek/al-muazzin,0.3056944444444444,Elite
pR0Ps/LocationShare,31440.59361111111,Low
pacien/tincapp,1804.5490714285716,Low
paleoCoder/QuickBART,90.38576388888887,Medium
panpf/sketch,958.3477450980392,Low
paolorotolo/GittyReporter,65.64555555555556,Medium
passy/Android-DirectoryChooser,17771.211296296296,Low
passy/WAKiMail,0.1702777777777777,Elite
patrickfav/Dali,49.528055555555554,Medium
pchretien/APOD,65.98234722222222,Medium
pdaddyo/soundbounce,333.75148148148145,Low
pdmholden/bcclaarrest,156.80157407407407,Medium
pedrovgs/DraggablePanel,1197.3092592592593,Low
pennlabs/penn-mobile-android,3501.447523712737,Low
petalyaa/Launchpet2,0.3366666666666666,Elite
phil-lopreiato/frc-notebook,110.05230769230768,Medium
philburk/android-midisuite,23061.98277777778,Low
philliphsu/ClockPlus,3742.379444444444,Low
phish108/MoblerCards,465.18769303201503,Low
phw/PicardBarcodeScanner,3.445,High
physphil/UnitConverterUltimate,339.64368055555553,Low
pilot51/voicenotify,10216.105328282829,Low
pjuu/droidotter,1939.110972222222,Low
plastygrove/BlueSerial,15.860833333333334,High
plugdio/MQTTSYSConsole,34.654259259259256,Medium
plusCubed/anticipate,370.5730555555556,Low
plusCubed/plusTimer,519.8520707070707,Low
plusCubed/recycler-fast-scroll,948.7975,Low
plusCubed/velociraptor,8012.683888888889,Low
plusonelabs/calendar-widget,3073.1608994708995,Low
plusonelabs/dashclock-gerrit,64.17375,Medium
pnemonic78/RemoveDuplicates,45.045,Medium
pockethub/PocketHub,5514.195986997636,Low
pocl/pocl,5656.051734006735,Low
pocmo/SensorDashboard,5616.509722222222,Low
polson/MetroTripper,593.2397222222222,Low
polybassa/WyLight,1496.732875,Low
potray/Pacts,33.121746031746035,Medium
ppareit/swiftp,9759.371450617284,Low
prajjwaldimri/GithubXamarin,505.8272222222222,Low
prakhar1989/ColorPhun,11.869166666666668,High
prasannata/StackX,319.18625000000003,Low
praveendath92/MDroid,169.04627525252525,Low
praveendath92/PopTilesPlus,8.178055555555556,High
predictive-technology-laboratory/sensus,2559.0442887931035,Low
printminion/gdgsched,3.429814814814815,High
priyeshpatel/habhub-chase-car-tracker,204.96,Low
project-manatee/manatee-android,3257.8764444444446,Low
project64/project64,2329.607396640827,Low
proxysh/Safejumper-for-Android,12158.180833333334,Low
pryds/ve,20.945625,High
pvarry/intra42,8825.956666666667,Low
qdeconinck/lln-campus,88.3425,Medium
qii/weiciyuan,1726.0607051282054,Low
qtquickvcp/QtQuickVcp,12338.934974747475,Low
quarck/CalendarNotification,2203.611712962963,Low
quran/quran_android,9345.52015946502,Low
rahulkumar66/Performance-Tweaker,715.8512962962963,Low
randombyte-developer/SGLVertretungsplan,515.2112500000001,Low
rapidpro/surveyor,153.21824074074075,Medium
raptor2101/GalDroid,130.6074074074074,Medium
rascarlo/AURdroid,45.80430555555556,Medium
rastating/DroidBeard,269.41294991300026,Low
raydac/AndroidPirateDice,4.576944444444444,High
rcgonzalezf/weather-app-demo,8908.826666666666,Low
recruit-lifestyle/FloatingView,2778.8409523809523,Low
rectangle-dbmi/Realtime-Port-Authority,1997.8739523809525,Low
reknih/informant-droid,1103.9316666666666,Low
reloZid/android-anuto,2116.849431818182,Low
relrod/tryidris-android,13.775555555555556,High
remibantos/sfquizz,89.61166666666666,Medium
renard314/textfairy,3722.783888888889,Low
renzon/autonomyway,16.829166666666666,High
rezacute/pens-messenger-android,0.9605555555555556,Elite
rhdunn/espeak,2005.5452777777775,Low
richard1/BCP-Mobile,41.688240740740746,Medium
richardthe3rd/BeerFestApp,25.53180555555556,Medium
richsmith/sexytopo,23708.78599206349,Low
rignaneseleo/SlimSocial-for-Facebook,12659.127611111113,Low
rjhdby/motocitizen,1882.2888167104115,Low
rk4an/ecos-controller,3504.3216666666667,Low
rm3l/maoni,6898.565370370371,Low
rmceoin/cominghome,269.8411111111111,Low
robert7k/sipswitch,5746.588055555556,Low
robinos/Handalfabet,80.39159722222223,Medium
rocketshipapps/adblockfast,5084.224401709402,Low
rom4ek/ArcNavigationView,887.13375,Low
ronaldsmartin/APO-DZ-Android,1501.6256944444444,Low
ronaldsmartin/Material-ViewPagerIndicator,1332.4679166666667,Low
rootio/rootio_handset,7.509722222222223,High
rschnapp/BusMan,8554.005,Low
rsiebert/TVHClient,2434.2532733333333,Low
rsteckler/unbounce-android,17.348368055555557,High
rycus86/StringTheory,28.759722222222223,Medium
rycus86/TriangularWatchFace,272.6846527777778,Low
s-gv/rnicu,3.451388888888889,High
saint1991/GPSLogger,1210.3044444444445,Low
salRoid/Filmy,646.2645,Low
salema/PodCatcher-Deluxe-Android,2170.4226128472224,Low
samueltardieu/harassme,1983.434166666667,Low
sandsmark/QuasselDroid,28638.377222222225,Low
sangcomz/FishBun,10996.058155136268,Low
saqimtiaz/BibSearch,798.0434523809524,Low
saschpe/PlanningPoker,11980.839722222225,Low
sawankh/MathAttack,38.37677777777778,Medium
sbhs-forkbombers/sbhs-timetable-android,367.9637777777778,Low
schnatterer/nusic,63.03388888888889,Medium
scottyab/rootbeer,4234.439267676768,Low
screenfreeze/deskcon-android,472.2217592592592,Low
sdsmdg/trianglify,177.23675925925926,Low
seanmonstar/ServiceDroid,1025.194061302682,Low
securityfirst/Umbrella_android,4990.047666666666,Low
seeing-eye/UnforgetIt,4.729722222222223,High
segler-alex/RadioDroid,2710.881038011696,Low
seht/volumenotification,6065.924675925926,Low
seizonsenryaku/HayaiLauncher,14.64074074074074,High
septadev/SEPTA-Android,2020.5049747474748,Low
serialc/CemeterySurveyor,3162.530277777778,Low
sgrailways/giftidea,5.695555555555556,High
shamanland/fonticon,1837.4602777777775,Low
shaobin0604/pocket-voa,27002.77611111111,Low
sheimi/SGit,5155.919432098765,Low
shinymayhem/radio-presets-widget,147.19518055555554,Medium
shts/NogiFeed,1475.4879166666665,Low
shubhamchaudhary/CCDroid,38.9175,Medium
shubhamchaudhary/wordpowermadeeasy,3370.8444444444444,Low
sialan-labs/kaqaz,337.29212962962964,Low
siempredelao/Distance-From-Me-Android,3077.9963888888888,Low
simlar/simlar-android,5076.598533333334,Low
siramix/buzzwords,2136.2126869658123,Low
sismics/reader,1149.5599549549552,Low
sizezero/dice-probabilities,32.030277777777776,Medium
sjwall/MaterialTapTargetPrompt,3002.324003831417,Low
sky-map-team/stardroid,4497.040416666667,Low
slapperwan/gh4a,4150.682452919021,Low
slyfoxza/muzei-androidwallpapers,689.0881481481482,Low
smallpath/psnine,11.539444444444444,High
smart-fun/TabStacker,51.817129629629626,Medium
smithdtyler/prettygoodmusicplayer,1159.9937847222222,Low
smuldr/xtime-android,4671.333611111111,Low
sneerteam/sneer,0.9577777777777776,Elite
souch/SMP,269.7609722222222,Low
souliss/soulissapp,1250.8031684027778,Low
soynerdito/BlueSound,22.475416666666668,High
spacecowboy/NotePad,15398.751907596372,Low
spacedockapp/spacedock,1426.8306823671496,Low
spirosbond/CallerFlashlight,31541.352647392287,Low
spookypeanut/Love-Tag,815.4514444444444,Low
spookypeanut/Wake-Me-At,757.8732142857143,Low
sproshev/tcity,386.88166666666666,Low
sqall01/alertR,1.6519444444444444,High
sreich/android-count-the-days,297.5980555555556,Low
sssemil/Advanced-Settings-for-Android-Wear,1670.5345138888888,Low
st1hy/Red-Calorie,106.7636111111111,Medium
stanidesis/quotograph,318.1570138888889,Low
stealthcopter/AndroidNetworkTools,6301.025061728396,Low
stefan-niedermann/nextcloud-notes,2880.3878818217518,Low
steinbachr/spitly-android,8.655111111111111,High
stopbystop/sbs-app,767.7423148148149,Low
strooooke/quickfit,2341.941851851852,Low
stuartsoft/PingIT,91.22787698412698,Medium
substratum/substratum,659.3131944444444,Low
supertuxkart/stk-code,20248.71131076389,Low
sw926/ImageFileSelector,1475.3680555555557,Low
sylvek/itracing2,547.4639285714286,Low
syncthing/syncthing-android,2966.688474192277,Low
sytolk/TaxiAndroidOpen,642.6608333333334,Low
t-animal/JourneyApp,319.6535416666667,Low
tangalbert919/nds4droid,1815.2427777777775,Low
tanrabad/survey,5923.219242424243,Low
tasomaniac/OpenLinkWith,8720.1075,Low
tateisu/SubwayTooter,4040.977651515152,Low
tateshitah/gnssfinder,2857.8243055555554,Low
tbpalsulich/NYU-BusTracker-Android,1092.9150595238095,Low
teamblueridge/PasteIt,124.69347222222224,Medium
teerapap/whatnext,71.59222222222222,Medium
testica/text-scanner,368.1908333333333,Low
tgwizard/sls,12007.876952736318,Low
the-blue-alliance/the-blue-alliance-android,1286.4621007816863,Low
theIoTLab/ZephyrBHDeviceAdapter,75.17569444444445,Medium
theScrabi/Terminightor,255.65703703703704,Low
theangrydev/AERCalculator,70.04888888888888,Medium
thebigg73/OpenSongTablet,2012.2035185185184,Low
theblackwidower/KanaQuiz,24.914722222222224,Medium
thecosmicfrog/LuasataGlance,129.67583333333334,Medium
theksmith/CarBusInterface,1569.8757407407404,Low
thermatk/HSEWifi,815.2711111111112,Low
thiagobaptista/cartcalculator-android,426.6248611111111,Low
thiagokimo/KonamiCode,40.000277777777775,Medium
tilal6991/HoloIRC,761.8716666666667,Low
tim-sueberkrueb/ourgus,404.8361111111111,Low
timeforcoffee/timeforcoffee-android,2632.440115740741,Low
timothyb89/lifx-tasker,158.10680555555555,Medium
timstableford/P-BrainAndroid,45.15618055555555,Medium
timvdalen/gizmooi,1.6175,High
tinfoilhat/tinfoil-sms,813.3729457364341,Low
tjol/vinylscrobbler,2561.255902777778,Low
tkowalczyk/DevTalkMobile,832.4848015873016,Low
tobykurien/BatteryFu,409.3273148148148,Low
tobykurien/WebApps,7636.528630952382,Low
tomahawk-player/tomahawk-android,347.8791666666666,Low
tonikarppi/coherence,3.8590740740740745,High
torch2424/Feather,52.2962037037037,Medium
torch2424/Stats-Monitor-Widget,2128.0788888888887,Low
torkildr/Trommelyd,22.134444444444444,High
tranquvis/SimpleSmsRemote,2969.586018518519,Low
transistorsoft/rn-background-geolocation-demo,1325.7055555555555,Low
translation-cards/translation-cards,310.32422335600904,Low
trashify/bolt-starter,67.36513888888888,Medium
trevorhalvorson/DevJobs,19.78305555555556,High
trikita/slide,7.791944444444445,High
trishika/DroidUPnP,656.9206597222222,Low
tristan2468/OyVer,7826.314444444444,Low
turing-tech/MaterialScrollBar,1671.4421843434343,Low
tvbarthel/BlurDialogFragment,1856.2934848484847,Low
tvbarthel/CameraColorPicker,5934.971805555556,Low
tvbarthel/SimpleThermometerProject,44.60458333333333,Medium
tvbarthel/SimpleWeatherForecast,2064.8425,Low
tzulberti/archery-training,121.07434240362812,Medium
ubergeek42/weechat-android,12783.603312757205,Low
ubx/SkyLinesTracker,2221.782777777778,Low
ukanth/afwall,9068.792281976745,Low
ultramega/elementary,76.07777777777777,Medium
ultrasonic/ultrasonic,3563.648019323672,Low
ushahidi/Ushahidi_Android,2650.9453405017925,Low
uvweb/UVwebForAndroid,191.2800347222222,Low
valtech/valtech-contactsync-android,623.305,Low
vanillastatus/VanillaStatusApp,1.732361111111111,High
vanita5/twittnuker,3661.6315157004833,Low
vanniktech/VNTFontListPreference,327.9536111111111,Low
vanniktech/VNTNumberPickerPreference,6161.651666666667,Low
vase4kin/TeamCityApp,5082.432083333333,Low
veniosg/Dir,2906.8687801932365,Low
vexelon-dot-net/bgrates,356.2241203703704,Low
vexelon-dot-net/currencybg.app,5258.6393333333335,Low
vickychijwani/quill,1635.9516717171716,Low
vijai1996/screenrecorder,254.50550925925924,Low
vikramkakkar/SublimeNavigationView,48.25791666666667,Medium
vilnius/tvarkau-vilniu,1369.3731944444444,Low
vishesh/sealnote,7050.570833333334,Low
vn7n24fzkq/TSVS_Application,1209.4925,Low
vocefiscal/vocefiscal-android,116.85958333333332,Medium
vycius/NMAkademija,82.69162037037037,Medium
wKovacs64/mTorch,4656.9397222222215,Low
walleth/walleth,545.1685687382297,Low
warmshowers/wsandroid,4245.913111111111,Low
wax911/anitrend-app,2134.3096135265696,Low
wbates/SierpinskiGenerator,17.722083333333334,High
wbrenna/GTFSOffline,2559.976898148148,Low
weitsai/iHelp-android,155.30333333333334,Medium
wellenvogel/avnav,3275.033384353741,Low
wentam/DefCol,3409.258611111111,Low
westnordost/StreetComplete,518.5976510329425,Low
where2night/W2N-Android,173.9003888888889,Low
willblaschko/AlexaAndroid,1035.8516666666667,Low
wisedog/Whoochoo,32132.16097222222,Low
wisedog/WhoochooAdvSms,70.8562037037037,Medium
wmi-students/wmi-timetable-android,176.7795,Low
wordpress-mobile/WordCamp-Android,89.13427777777778,Medium
wsv-accidis/fm-fg-godsdekl,229.08916666666667,Low
wsv-accidis/in-sangbok,19.655833333333334,High
wsv-accidis/tmeit-android,1693.4934444444443,Low
wuan/bo-android,1501.8265758547009,Low
xbmc/Kore,1277.4210416666667,Low
xfmax/BasePedo,69.07972222222222,Medium
xiprox/WaniKani-for-Android,7238.396458333334,Low
xisberto/workschedule,1213.2178333333334,Low
xtensa/PodEmu,929.9863425925928,Low
yDelouis/selfoss-android,38.32787037037037,Medium
yakirwin/lev-isha,17.085833333333333,High
yancyn/ParcelTrack,35.00296296296296,Medium
yankovskiy/PhotoTools,101.729375,Medium
yankovskiy/SilentNight,1241.7305555555554,Low
yassirh/digitalocean-swimmer,760.1326666666666,Low
yazeed44/MultiImagePicker,74.11099206349206,Medium
yeleman/SNISI-droid,67.62361111111112,Medium
yeokm1/nus-soc-print,6599.535277777778,Low
ynurmahomed/renova,44.31638888888889,Medium
yourPISD/yourpisd,224.2712037037037,Low
ypresto/android-transcoder,794.9195833333333,Low
yshrsmz/monotweety,34.125238095238096,Medium
yuttadhammo/BodhiTimer,767.9110185185185,Low
yuukis/businessmap,424.5696759259259,Low
yzacarias/geekjunior,0.005,Elite
za419/Android-calculator,422.52091880341874,Low
zach-capalbo/Kromophone,7878.521481481482,Low
zahid-ali-shah/SignatureView,4546.966296296297,Low
zamojski/TowerCollector,2327.5243103448274,Low
zawadz88/material-activity-chooser,681.6144444444444,Low
zdavatz/AmiKo-Android,526.1955555555555,Low
zeapo/Android-Password-Store,1702.224475129199,Low
zhuqianqian/wordchain,34.73194444444445,Medium
zoff99/ToxAndroidRefImpl,5909.760524691358,Low
zond/android-diplicity,17.067430555555557,High
zugaldia/capitalbikeshare,138.83527777777778,Medium
zulip/zulip-mobile,2360.708310948311,Low
