repository,mttr_hours
00-Evan/shattered-pixel-dungeon,678.5544444444445
00091701/ADFC-NewsApp-Mono,923.1922222222222
0x1bad1d3a/Kaku,318.6777222222222
1gravity/Android-ContactPicker,136.22666666666666
24HeuresINSA/24h-android-app,131.89015151515153
2fast2fourier/something.apk,2707.1519444444443
42SK/TVKILL,24.02111111111111
42cc/p2psafety,103.15461111111111
452/USBHIDTerminal,4606.711527777778
75py/Aplin,8277.589747474747
75py/CallConfirm,11727.574583333333
75py/Download-Confirm,0.9466666666666667
75py/My-pkgs,137.0326388888889
8enet/AppOpsX,21.752777777777776
AIDEA775/UNCmorfi,2679.842777777778
APCVSRepo/hmi_sdk,18.253611111111113
AdamMc331/CashCaretaker,48.51277777777778
AdguardTeam/ContentBlocker,1211.0299377394638
Adventech/sabbath-school-android,1251.1447549019606
AfzalivE/AwakeDebug,97.20111111111112
Akusari/SD-Booster,1463.1991666666668
Alabaster-Aardvarks/traveller,32.23657407407407
AlbertoCejas/GermanLearningUCA,132.07537037037036
AlbrechtL/welle.io,6709.490894886363
AllanWang/Frost-for-Facebook,1557.3800969516594
AlleIT/Alleinfo_Android,1648.350586419753
AlstonLin/TheLearningLock,1201.7899652777778
Amab/SWADroid,290.5071527777778
AnaelMobilia/NextINpact-Unofficial,1385.5973554652212
AndlyticsProject/andlytics,1600.4285251322751
Andrano/Light,66.95805555555556
AndrewReitz/MagicLifeCounter,8731.160092592592
AndrewReitz/encrypted-camera,3765.197777777778
AnimeNeko/Atarashii,1617.5159455128205
AntennaPod/AntennaPod,3217.630080705706
AntonioRedondo/AnotherMonitor,8040.875555555555
Antox/Antox,2778.937760770975
Any1s/RBTV-Sendeplan,64.94303703703704
Apptitive/Ramadan,156.59138888888887
Archheretic/ParkingLotTrackerMobileApp,17.423703703703705
AsherGlick/Passcodes,1930.1136111111111
Ashish-Bansal/OneTapVideoDownload,5923.087083333334
Austin-Ray/Hexis,21.054166666666667
Azure-Samples/MyDriving,111.60576923076923
BackyardBrains/Spike-Recorder-Android,604.2803395061728
BandUp/band-up-android,82.74880952380953
BeamNG/remotecontrol,3396.402986111111
Bearded-Hen/Android-Bootstrap,2685.9688888888886
BenAlderfer/RIT-Dining-Planner-Android,36.153055555555554
BenoitDuffez/AndroidCupsPrint,5979.702673611111
Berlin-Vegan/berlin-vegan-guide,18989.426349206347
Bernie-2016/bernie-messenger-android,1.9819444444444445
BeyondAR/beyondar,1942.6711805555556
BijdorpStudio/UrlSetter,3325.19140625
BitPrepared/prbm-mobile,8410.400833333333
BloopApp/Bloop,17.074166666666667
BlunchDev/blunch_android,54.340731481481484
BramBonne/privacypolice,4202.707314814815
BuildmLearn/BuildmLearn-Toolkit-Android,970.155
BullshitPingu/Guide7,104.75060185185185
CINPLA/neuronify,1817.4807026143792
CODA-Masters/Little-Nibolas,115.87537037037038
CS-Worcester/TaskButler,42.14787037037037
CTC-CompTech/delivery,37.10955555555556
CUNYTech/BudgetApp,204.65055555555557
Calsign/APDE,8815.040694444446
CaptainSpam/geohashdroid,620.4925555555556
Centril/sleepfighter,147.07638888888889
ChaosLeong/FxcnBeta,72.46194444444444
ChaseBro/MMDAgent,194.57777777777778
ChristopherGittner/OSMBugs,4454.733888888889
CodeforChemnitz/TheaterWecker,0.08444444444444445
CoderCoop/nativePlantsChesapeake,113.94361111111111
Coffeeboys/RenewPass,1821.4958333333332
ColtanLabs/TapNote,1.826111111111111
CroceRossaItaliana/gaia-android,273.66305555555556
CytoDev/FrequencyCalculator,32.7437037037037
DHBWLoerrach/CampusApp,6473.869583333333
DHM47/Native-Clip-Board,2722.6744444444444
DamienOReilly/PrepayCredit,1246.3390277777778
DanielMartinus/Stepper-Touch,5050.772152777778
Daskiworks/ghwatch,365.2527681992337
David-Development/H-BRS-Android-Stundenplan,4.964444444444444
DaylightingSociety/WhereAreTheEyes,3073.1900000000005
De7vID/klingon-assistant,6625.266944444445
DecentralizedAmateurPagingNetwork/DAPNETApp,675.3209722222223
DenizUgur/ninegagsaver,2406.525
DerekMarcinyshyn/MMMFlashlight,1.6930555555555555
DevelopFreedom/logmein-android,60.67777777777778
DeveloperPaul123/FilePickerLibrary,2186.5930555555556
DevelopersGuild/rebel-invader,176.161875
Devlight/NavigationTabBar,102.33441358024692
DigitalCampus/oppia-mobile-android,3107.665516739447
Digitopia/Gamult,529.6499074074075
Digitopia/PORTOphone-app,534.2178661616161
Digutsoft/dMetronome,15.005277777777778
Dimezis/BlurView,4168.633148148148
Divendo/math-dragon,2333.00745014245
Djiko/trolly,1618.7037037037037
DreierF/MyTargets,1272.9369097222223
DroidKaigi/conference-app-2017,88.13756944444444
Drutol/MALClient,3394.342361111111
DylanVann/react-native-fast-image,1968.5238523391813
EasyRPG/Player,4000.425277777778
EdwardvanRaak/MaterialBarcodeScanner,7328.269722222222
ElectricDynamite/pasty-app-android,409.9779629629629
EmmanuelMess/Simple-Accounting,469.2188888888889
Esri/maps-app-android,2073.824154040404
EveningMoon/Balance,13.840555555555556
EyeSeeTea/uicapp,82.99222222222222
FabriceMk/android-mycv,368.61305555555555
FallenRiteMonk/ludus,59.277638888888895
FlyingPumba/SoundBox,468.23333333333335
Fmstrat/odm,814.0475
Fortyseven/ToneDef,10775.23962962963
Frainbow/sharecam.frb-android,413.83537037037036
FrancisG-Massey/Capstone2016,52.2364694041868
FraunhoferCESE/madcap,477.5097282608696
Frozen-Developers/android-periodic-table,0.3488888888888889
GAlexMES/MusicArchivist,26.803849206349206
Garthi/Running-Leaderboard,58.12833333333333
Geobert/radis,533.6060987654321
GimVic-app/gimvic-android,4215.775
Give2Peer/g2p-client-android,1413.367962962963
Grarak/KernelAdiutor,91.31152777777778
GrinnellAppDev/Grinnell-DB-Android-Old,8736.23861111111
GrinnellAppDev/KDIC-Radio-Android,404.9847222222222
GuacoIV/VisEQ,91.38712962962963
HRVBand/hrv-band,461.1288271604938
HabitRPG/habitica-android,3775.1193641048962
HochschuleHofStundenplanapp/AndroidStundenplanHof,4749.081338383839
HoraApps/LeafPic,535.2221717171717
HugoGresse/Anecdote,552.6043055555556
ISchwarz23/SortableTableView,2192.271444444444
ITsvetkoFF/Kv-009,136.31216666666666
IYCI/MyClass,635.0893981481481
Ifsttar/NoiseCapture,5851.783758169935
Intermodalics/tango_ros,304.8385802469136
ItsCalebJones/SpaceLaunchNow-Android,3255.8224305555555
JMRI/EngineDriver,1.6991666666666667
JakeLane/Toffeed,66.53
JakeWharton/Telecine,373.9721296296296
JaySoyer/Advanced-Adapters,402.5470138888889
JediMaster93/Android-Wake-On-Lan,12.321944444444444
JoaquimLey/avenging,348.0206111111112
JoaquimLey/faboptions,188.32825396825396
JohnPersano/SuperToasts,6205.268333333333
Kamahl19/react-starter,329.6864285714286
Katana-Steel/winehqappdb,43729.84805555556
Kegbot/kegbot-android,21629.694537037038
Kerooker/rpg-npc-generator,96.0475
Kjwon15/bluebirdradio,0.13027777777777777
KlubJagiellonski/pola-android,14963.274472222221
KlubJagiellonski/poznaj-app-android,3238.9725
KonradIT/goprohero,898.1427777777777
Kyrremann/TagStory,1359.2847222222222
Letme/give-me-coinsMonitoringApp,24.4525
LibertACAO/libertacao-android,35219.2837037037
LitePalFramework/LitePal,2409.5233333333335
Longi94/bptf,8210.465
LouisCAD/Splitties,2457.055590277778
LukeStonehm/LogicalDefence,21407.51087962963
MGaetan89/ShowsRage,1564.942164351852
MJonesDev/Aperture-Gallery,3673.492638888889
MJonesDev/Simple-Reminder-Android,217.90972222222223
MPieter/Notification-Analyser,678.9822222222223
Magister-Android/Magister-Android,20.988055555555555
MakinGiants/banjen,24137.167777777777
Manabu-GT/EtsyBlur,710.3777777777777
Mariovc/ImagePicker,1038.0651587301588
MariusVolkhart/lyrics,6436.489722222223
Mark-Lauman/DominionPicker,198.17481481481482
MarquisLP/World-Scribe,1104.6970833333332
MartinStyk/AndroidApkAnalyzer,2121.882962962963
Maxr1998/MaxLock,4535.913833333334
Meisterschueler/ogn-viewer-android,893.218611111111
MettaCenter/DailyMettaApp,304.2684722222222
MicMun/MiWoTreff,0.08944444444444444
Microsoft/ProjectOxford-ClientSDK,2487.0987962962963
MiguelCatalan/MaterialSearchView,248.89944444444444
Mindgreppers/lifemaker,215.97055555555556
Mnkai/PGPClipper,4091.8751111111114
Mygod/nju-portal-login-android,2.27
MythTV-Clients/MythtvPlayerForAndroid,608.7645253164557
Myzhar/RoboController,1295.703888888889
Myzhar/SimpleTrainingTimer,311.1694444444444
NCBSinfo/NCBSinfo,1229.8066666666666
NCU-CC/NCU-CLUB,253.53875
NCU-CC/NCU-MAP,31.386944444444445
NFCdroid/nfcapp,128.1601388888889
NasaGeek/utexas-utilities,1735.6331372549018
Neamar/KISS,8091.380487341772
Neraud/PADListener,567.5843093093093
NeuroTechX/eeg-101,20074.075
NevRA/Giraffe,175.61604166666666
NijzinkM/ListLock,242.86655555555552
Nimrodda/WizarDroid,2642.7867708333333
NineWorlds/serenity-android,4449.186785714286
NordicID/nur_sample_android,184.93909722222222
NordicSemiconductor/Android-nRF-Toolbox,1936.4049074074073
Nutomic/ensichat,1807.6290277777778
Nutomic/movecerts,0.6408333333333334
Nxt3/IO_Classic_WatchFace,0.6266666666666667
ObjectiveTruth/UoitDCLibraryBooking,1133.3579166666666
Onelio/ConnectU,165.93055555555554
OnlyInAmerica/BART,1005.2011111111111
OpenLauncherTeam/openlauncher,3327.4401215277776
OpenSageTV/sagetv-miniclient,5325.331631944445
OpenSeizureDetector/Android_Pebble_SD,3489.808235596708
OpenStreetMap-Monitoring/OsMoDroid,3852.058259803922
OpsLabJPL/MarsImagesAndroid,250.83277777777778
Ozzyboshi/InternetBeatTimeWatchFace,78.7161111111111
PGMacDesign/PGMacDesign-Android_RSR_Toolbox,107.71833333333333
PanicInitiative/PanicButton,1607.131769005848
PaperAirplane-Dev-Team/BlackLight,707.3954248366014
PawelBor/Year-4-Offer,15.268888888888888
PhenoApps/Coordinate,8278.48358974359
PhenoApps/Field-Book,2842.81793504902
Piasy/HandyWidgets,144.6425
PietsmietApp/pietsmiet_android,635.8684259259259
Pixplicity/MultiViewPager,2684.2694444444446
Polidea/react-native-ble-plx,4277.749416563403
PowerInside/syncplayer,197.22805555555556
PrivacyApps/birthday-calendar,3390.469389799636
PrivacyApps/calendar-import-export,7078.920324074074
PrivacyApps/offline-calendar,1317.3929166666667
PuffOpenSource/Puff-Android,16.417916666666667
Purdue-ACM-SIGAPP/PurdueLaundry-android,5143.160694444445
Pushjet/Pushjet-Android,955.9427777777778
Pushwoosh/pushwoosh-android-sdk,0.45472222222222225
QVDev/BlendleSDK,795.3933333333333
Qualeams/Android-Face-Recognition-with-Deep-Learning-Test-Framework,1.0575694444444443
QuantumBadger/RedReader,11465.939762796505
Quexten/UlricianumPlanner,42.66419444444445
QuickBlox/quickblox-android-sdk,7094.0027222222225
R-a-dio/R-a-dio-Amazing-Android-App,1.0794444444444444
RCasatta/EternityWallAndroid,120.82624999999999
RSenApps/Commandr-Android,201.72916666666666
RaD/ando-gettext-editor,381.14586419753084
RandoApp/Rando-android,6348.3637407407405
RayBa82/DVBViewerController,2.2711111111111113
RefugeRestrooms/refugerestrooms-android,1176.6986111111112
ReyKoxha/nodebb-webview,9634.771111111111
Richard-W/jenastop,0.3541666666666667
RobinJ1995/DistroHopper,24617.842314814814
RocketChat/Rocket.Chat.Android,1024.6983774038463
Rouji/Hupl,1081.1361111111112
Routelandia/routelandia-android,226.25819444444446
RuralRouteSoftware/ShareToIRC,304.78
SUPERCILEX/Robot-Scouter,1233.6227588383838
SafeSlingerProject/SafeSlinger-Android,1333.61
SandroMachado/openalpr-android,258.21694444444444
SaschaWillems/VulkanCapsViewer,2290.4461666666666
Scaronthesky/UK-Gebaerden_Muensterland,1115.4251724137932
ScreamingHawk/android-slideshow,539.4530017921147
ScreamingHawk/fate-sheets,26.87298611111111
SeGarVi/PalmaBici,56.14592592592593
SecUSo/privacy-friendly-dice-game,228.91166666666666
SecUSo/privacy-friendly-pedometer,15379.564670138889
SecUSo/privacy-friendly-qr-scanner,8710.664857357357
SecUSo/privacy-friendly-weather,8045.12318287037
Sensirion/SmartGadget-Android,9338.223055555556
Sigimera/sigimera-android-app,4039.1368055555554
SimenCodes/heads-up,552.078230994152
SimonMarquis/Android-PreferencesManager,472.5963888888889
SimpleMobileTools/Simple-Calculator,8063.021865079365
SimpleMobileTools/Simple-Calendar,3282.9106242312423
SimpleMobileTools/Simple-Camera,11257.944281400965
SimpleMobileTools/Simple-Draw,2716.5294791666665
SimpleMobileTools/Simple-Flashlight,9156.446287878787
SimpleMobileTools/Simple-Gallery,3920.9168254967817
SimpleMobileTools/Simple-Music-Player,4704.754197530864
SimpleMobileTools/Simple-Notes,3508.924698412698
SimplicityApks/ReminderDatePicker,227.1770987654321
Skarafaz/mercury,20180.494444444445
Skylark95/Amazon-App-Notifier,1636.7703888888889
SophieBartmann/Jinawa,2688.0486111111113
SteamGifts/SteamGifts,528.7326328502415
StoDevX/AAO-React-Native,1921.4444907407405
StoryMaker/storymaker,558.6758333333333
SubstanceMobile/GEM,388.6035858585858
Subsurface-divelog/subsurface,2456.4511527035056
SufianBabri/simple-material-library,740.4840277777778
SvenDub/Dashboard,6751.662592592592
TTTDevs/NextCloudBookmarksAndroid,32159.55888888889
TUWien/DocScan,333.1747222222222
TakWolf/CNode-Material-Design,4758.858174603175
Tarostar/QMLGalaxyPortal,23.061666666666667
TeMoMuKo/AutoStopRace-Android,2146.7325
Team980/ThunderScout-Android,7654.556666666666
TeamAmaze/AmazeFileManager,5889.387106562137
TekkLabs/memoria-politica,177.52958333333333
TheAndroidMaster/Metronome-Android,15.489999999999998
TheFinestArtist/MovingButton,61.842777777777776
TonicArtos/StickyGridHeaders,9109.423598484847
Tortel/DeployTrack,37.26083333333333
Tortel/SysLog,184.68027777777775
TrekDev/Xamarin.Android.Skobbler,15.600416666666668
TruckMuncher/TruckMuncher-Android,247.2647619047619
TweetMap/TweetMapForAndroid,61.813541666666666
Tyde/TuCanMobile,5408.055618686869
TylerCarberry/2048-Battles,124.47912037037038
TyrfingX/TyrLib,1.0325
UCSD/campus-mobile,1681.7462906273622
UweTrottmann/wp-display-android,11.203055555555556
V2Ray-Android/Actinium,363.35062500000004
VEINHORN/ScrollGalleryView,11151.664583333333
VREMSoftwareDevelopment/WiFiAnalyzer,353.0307437275986
Vavassor/Tusky,3067.4860285285285
Velleman/WFS210-App,24.93138888888889
Vilbrekin/tinc_gui,461.95509259259256
VisualizeMobile/AKANAndroid,231.67765873015873
Vn0m/Sociadee,736.1888888888889
VoteBrian/smoke-or-fire,158.22791666666666
VriesDeRick/RoosterwijzigingChecker,87.85622222222221
WSDOT/wsdot-android-app,1181.6979652777777
Waboodoo/HTTP-Shortcuts,2571.9888639201
Waboodoo/Status-Bar-Tachometer,72.3711111111111
WebMajstr-/pebble-navigation,64.38638888888889
Werb/PickPhotoSample,628.5989444444444
WikiJourney/wikijourney_app,2999.7302777777777
Wisebite/wisebite_android,5254.101388888889
Wojtechnology/Sunami,16.507166666666667
WycliffeAssociates/translationRecorder,2994.6048148148147
YaleSTC/YalePublic-android,1411.4915277777777
YeomansIII/notiforward-android,1.181111111111111
Z3r0byte/Magis,386.0083024691358
Z3r0byte/Magistify,515.4783444444445
ZafraniTechLLC/Companion-For-PUBG-Android,1.468888888888889
ZorgeR/datFM,197.38166666666666
aajn88/wakemeapp,87.7975
aayaffe/SailingRaceCourseManager,6511.872854938271
abhijitparida/bunk,845.5334722222223
abrensch/brouter,8624.5365
ac-pm/Inspeckage,1242.4302777777777
achromaticmetaphor/agram,1814.9780555555556
adamsp/DestinyRaidTimers,0.06138888888888889
adamsp/DreamInTweets,75.87861111111111
adamsp/wsnz-android,9448.326481481481
adamwg/tracks-android,92.03481481481481
adithya321/Companion-for-Band,11.0325
affogatoman/SchoolParser,65.89611111111111
agargiulo/gatekeeper-android,305.83972222222224
agersant/polaris-android,3880.185648148148
ahmetkizilay/PhotoStrips,10.25361111111111
ahuskano/Sensors-Adventure,0.020555555555555556
ai212983/android-spinnerwheel,3838.0419444444447
aikuma/aikuma,1933.055
airbnb/lottie-android,1080.0814067739773
ajaykumarkannan/Sense-and-Sanity,446.17212962962964
ajhodges/WifiCallingControls,5054.840520833333
akechi/project-l,1680.8791666666666
akihito104/UdonRoad,1461.757152777778
akshay2000/MonocleGiraffe,31.291944444444443
akvo/akvo-caddisfly,2525.118263888889
akvo/akvo-rsr-up,5586.862966666667
alaskalinuxuser/app_justnotes,66.15277777777779
albb0920/LunaTerm,4837.611898148148
alcacoop/it.alcacoop.backgammon,5321.121666666667
aldld/ColourDB,323.13916666666665
alexismp/egress,50.280833333333334
alexvasilkov/FoldableLayout,23.946944444444444
alexvasilkov/GestureViews,3574.390942760943
allegro/fogger,23137.81027777778
allsoft777/MVP-with-Firebase,14.7275
alphadev-net/drive-mount,68.88740740740741
aminb/mathtools,120.29777777777778
anastr/SpeedView,1823.710162835249
andreiciubotariu/contact-notifier,115.12583333333333
andremion/Louvre,6954.4186805555555
andresoviedo/android-3D-model-viewer,3252.91661231884
andrewromanenco/git.android,463.1743055555555
andreyrd/ListLauncher,2830.2790873015874
andstatus/andstatus,3173.531930555556
andybalaam/rabbit-escape,5183.421279761905
anselm94/Torchie-Android,199.35111111111112
antest1/kcanotify,5009.723995726496
anthonycr/Lightning-Browser,11856.620069444445
anwilli5/coin-collection-android-US,194.58515873015872
anycook/anycook-einkaufszettel-android,3293.638722222222
apotapov/tafl,107.69503267973856
apotter96/PowerOfGod,436.57166666666666
appteam-nith/Hillffair,81.83796296296296
aragaer/jtt_android,1768.0253888888888
arcao/Geocaching4Locus,365.0586029411765
areina/elfeed-cljsrn,37033.76944444444
argilo/BusFollower,51.46333333333333
arhughes/droidchatty,579.3886111111111
arnef/ligatool-hamburg,114.46472222222222
asafge/NewsBlurPlus,114.99777777777778
asamm/locus-api,2270.978086419753
ascendedguard/android-kanji-fix,5187.1575
aseba-community/thymio-vpl2,1283.4249603174605
athimel/mh-dla-notifier,1192.475222222222
athimel/zoumtarot,0.0425
aurasphere/blue-pair,3188.5834444444445
autowp/CANreader,321.35125
auxua/MensaApp,1195.7719444444444
avast/sms-ticket,750.2345370370371
avram/zandy,4072.7736631944445
barryoneill/pingly,142.33305555555557
barterli/barterli_android,0.4752777777777778
basobu/baolizer-android,2527.3631944444446
bdiegel/android-giftwise,40.820277777777775
beckhamds/nasa-imagery-fetcher,3879.206388888889
beenotung/music-player,198.25027777777777
begeekmyfriend/yasea,160.88080808080807
belatrix/AndroidAllStars,477.82029478458054
benstreb/RPGme,156.3376111111111
berict/Tapad,291.97542035398226
berrnd/Time-Recording-Auto-Export-Tasker-Plugin,203.3213888888889
beta/cloudier,0.16583333333333336
bewantbe/audio-analyzer-for-android,82.83944444444444
bgd-point/daily-dhamma,315.6065277777778
bitbrain/acid-snake,478.4745138888889
bitbrain/clouboy,23.638611111111107
bitcraze/crazyflie-android-client,641.7384722222222
bither/bither-android,0.008055555555555555
bk138/multivnc,2014.934154761905
bkromhout/Minerva,120.9856704980843
bl-lia/kktAPK,158.41166666666666
blaztriglav/did-i,4303.041944444445
bleissem/babyphone,1.5847222222222221
bluejamesbond/TextJustify-Android,67.58277777777778
bogdan-cornianu/Wake2Radio,69.23916666666666
borfast/arrispwgen-android,38.535833333333336
bosik/diacomp,2277.3530599647265
bottiger/SoundWaves,936.4734544159544
bparmentier/WiFiKeyShare,3353.9913611111106
bradmont/OpenMPD,2342.704965277778
brarcher/loyalty-card-locker,4981.197388888889
breadwallet/breadwallet-android,52.33069444444445
brentn/TomatoHub,6.591111111111111
brianwernick/PlaylistCore,1575.6223412698414
bright-tools/androidphotobackup,26.44638888888889
brolam/OpenHomeAnalysis,196.70712962962963
btcontract/wallet,2504.024126984127
btimofeev/UniPatcher,27.7875
buddycloud/buddycloud-android,1089.6857821637427
butzist/ActivityLauncher,211.97354166666668
bwang95/afn-otg-android,26.39611111111111
c3nav/c3nav-android,8719.191944444445
caarmen/FRCAndroidWidget,1937.157420634921
caarmen/PalidaMuerte,21.601111111111113
caarmen/nounours-android,42.836527777777775
caarmen/poet-assistant,304.8019290123457
caarmen/scrumchatter,397.618141025641
caarmen/youreawinner,8294.992361111112
cachapa/AerialDream,25904.38125
calintat/units,2.3955555555555557
calvinaquino/LNReader-Android,779.6430164930556
camilotejeiro/android_quotes_display_apps,812.52
carvilsi/PCBridge_Android,734.5956944444445
casimir/simpleDeadlines,672.5097685185185
castaway2000/PawpadsAndroid,2744.1754166666665
castorflex/SmoothProgressBar,3414.8108333333334
cauchymop/goblob,510.84421296296296
cbeyls/fosdem-companion-android,111.18555555555555
ccomeaux/boardgamegeek4android,6970.293148148147
ccrama/Slide,1747.173906862745
ceaseless-prayer/CeaselessAndroid,3357.586898148148
cesardmoro/brewapp,238.4663888888889
cgreenhalgh/opensharingtoolkit-kiosk,30.703500000000002
chaosbastler/opentraining,713.5796031746031
chdir/aria2-android,12581.787
cheahjs/WarDroid,66.315
chengxinlun/Stellarium-android,3.571388888888889
chetstone/react-native-palette,24.775555555555556
chris-carneiro/Wi-Fi-Toggler,955.4757936507938
chrispbailey/ToDo-List-Widget,2197.901388888889
chriswalker/DashTube,1637.1197222222222
chrsep/Kingfish,2401.588111111111
chteuchteu/Munin-for-Android,1564.4857407407408
chthai64/overscroll-bouncy-android,229.65583333333333
citiususc/calendula,2423.3550841750844
ciuc/InternetRadioClock,6679.462870370371
clayfish/torch,2620.3205555555555
clementine-player/Android-Remote,686.0686666666668
cmurtheepic/Mizer,81.45714285714287
cndbain/lakemendotabuoy,0.22916666666666666
codeforgreenville/trolley-tracker-android-client,7171.723450292398
coder3101/Matrix-Calculator-for-Android,151.531875
codinguser/gnucash-android,2032.380007215007
cohenadair/anglers-log,2333.2434353922613
commons-app/apps-android-commons,4217.606378801299
contentful/gallery-app-android,0.3536111111111111
corcoran/Hangar,132.8788888888889
cornedor/mayhem,539.5913333333334
crazyhitty/Munch,1021.7171527777778
crazyhitty/Rss-Manager,989.5405555555556
criticalmaps/criticalmaps-android,1793.5265277777776
csound/csound,852.2985820275404
cubei/FlappyCow,4769.125277777778
curtbinder/AndroidStatus,2731.628968253968
cymcsg/UltimateRecyclerView,3107.112439613527
czlee/debatekeeper,33327.13925925926
d-max/plua,643.0311111111112
dafi/photoshelf,212.86475694444445
daimajia/EverMemo,2449.0675
dan-zx/twitt4droid,82298.20583333333
daneren2005/Subsonic,903.5638275391957
daniel-stoneuk/material-about-library,408.942037037037
danirod/rectball,3730.787510288066
danrien/projectBlue,1404.7305555555556
daquexian/chaoli-forum-for-android-2,177.0376388888889
dasmikko/facepunchdroid,2078.8212444444443
davemorrissey/subsampling-scale-image-view,714.865238095238
davidfischer/civilopedia-v,0.15916666666666668
davidgraeff/Android-NetPowerctrl,698.5594444444445
davidshen84/ResetWiFi,0.9005555555555556
dbaelz/OnOff-Tracker,0.3638888888888889
deepaktwr/BitFrames,43.83583333333333
delight-im/Android-AdvancedWebView,823.2974537037038
denisk20/bullshit-bingo-champion,130.53879629629628
devolonter/Pretty-Painter,302.6327777777778
dhbw-timetable/dhbw-timetable-android,587.2952777777778
dhis2/dhis2-android-dashboard,5529.160277777778
dhis2/dhis2-android-eventcapture,959.1766666666666
dhis2/dhis2-android-trackercapture,2185.3356432748537
dhmncivichacks/isitrecyclingweek-android,2326.0793518518517
diegocarloslima/ByakuGallery,1117.6272222222221
diegocarloslima/FloatingGroupExpandableListView,230.98088383838385
diegoponciano/biblia-ccb,1929.47625
digital-voting-pass/polling-station-app,144.24817901234567
dimtion/Shaarlier,6130.8542777777775
djschilling/sopa,52.36958333333333
dkrivoruchko/ScreenStream,2.460277777777778
dkunzler/masterpassword,46.64111111111111
dlew/android-ragefaces,1719.1892424242424
doerfli/hacked,202.01978174603175
doerfli/leavemealone,122.07716049382715
donglua/PhotoPicker,421.0111805555556
donkirkby/vograbulary,1093.8091358024692
dpcsoftware/Expenses,800.7505555555556
drmercer/Ponderizer,17.858194444444443
droidcon/iosched,62.7662037037037
drpout/boilr,1176.189466374269
drymarev/rxbsuir,1.108472222222222
dsoulayrol/android-sholi,2579.7438095238094
dwaynehoy/OpenDialer,101.85861111111112
e-ucm/ead,1042.3507135076252
edwise/DedicaMNS,1840.229837962963
eisnerd/mupeace,285.0229166666666
ekylibre/zero-android,2750.2867962962964
el1t/Iolite,6018.321666666667
elan-ev/StudIPAndroidApp,2899.824708994709
elec-otago/agbase-weather-app,946.3066666666666
elixsr/FwdPortForwardingApp,159.55194444444444
ellenpoe/TuxRacer-SDL2,15079.646805555556
elman22/pocket-amc-reader,8783.157291666666
elpassion/el-space-android,351.3873148148148
elsewhat/com.elsewhat.android.slideshow,315.24361111111114
elyas-bhy/CampusUB1,29.52669934640523
emivaljr/hojenaoapp,59.02965277777778
ennswi/AndroidCaldavSyncAdapater,27390.311388888884
enotio/Tempest,99.15166666666667
enra64/Votenote,682.0595679012346
enviroCar/enviroCar-app,5982.534023482246
enz/pentobi,7763.603611111111
equeim/tremotesf-android,247.85805555555555
ericberman/MyFlightbookAndroid,1425.5675
eurofurence/ef-app_android,864.4502396514162
evernote/evernote-sdk-android,242.0175
ezet/penguins-in-space,211.01833333333335
eziosoft/MultiWii_EZ_GUI,842.2450000000001
f00f/TrainingApp,285.6022222222222
fabian7593/MagicalCamera,10805.090925925926
fadelakin/vortex,67.46277777777777
fedefernandez/MyAppList,5.094074074074075
federicoiosue/checklistview,789.8488888888888
fekracomputers/IslamicLibraryAndroid,1922.1982407407409
felixb/callmeter,434.4871064814815
felixb/no-cloud-share,340.42305555555555
felixb/smsdroid,933.9225
fenimore/DemocracyDroid,2099.706512345679
feragusper/BuenosAiresAntesYDespues,1661.0412500000002
fhstp-mfg/mobilot,584.2899537037036
firebirdberlin/nightdream,801.9093783068784
firebirdberlin/rocketlaunch,311.6430555555556
firebirdberlin/tinytimetracker,170.58444444444444
firejake308/Show-And-Sell,447.1044444444444
flavioarfaria/KenBurnsView,7238.890138888889
flide/TouchBoard,6025.6762499999995
flopshot/Capstone_Project,96.82027777777778
florent37/MaterialTextField,73.7725
florent37/MaterialViewPager,311.17717592592595
forrestguice/thunder-stopwatch,46.86953703703704
franciscojunior/Vampidroid,410.53249999999997
fridayideas/daytomato,166.74612962962962
ftisunpar/juklak,5590.101388888889
ftlno/abakaffe-android,7.206666666666667
futurice/hemmo-app,91.54944444444445
futurice/meeting-room-tablet,123.45972222222223
futurice/vor,72.42046296296296
fvasco/pinpoi,144.37972222222223
fython/Blackbulb,955.511388888889
fython/PackageTracker,9741.457916666666
gandulf/DsaTab,5237.4124688057045
gappleto97/MultiCalc,211.62555555555556
gatheringhallstudios/MHGenDatabase,47.00805555555556
gatzka/android-scan,427.61625
gazlaws-dev/codeboard,13414.762222222222
gbl08ma/underlx,263.9975
ge0rg/aprsdroid,6769.897067901234
geeksville/arduleader,871.2538888888889
gentlecat/counter,10100.962462962962
gianasista/tldr-viewer,54.97416666666666
gina-alaska/gina-puffinfeeder-android-viewer,47.68083333333333
gitskarios/Gitskarios,492.9626240079365
glodanif/BluetoothChat,141.44611111111112
glowing-bear/glowing-bear-cordova,3194.3215277777776
goinstant/android-sdk-guides,71.77527777777777
goodtime-productivity/Goodtime,11843.014019607843
google/paco,5847.664212629896
google/watchpresenter,952.4177777777778
googlesamples/android-testdpc,1032.2470833333334
gowong/material-sheet-fab,169.42194444444445
greenfrvr/hashtag-view,2371.6018055555555
grote/Transportr,4511.875049137585
guardianproject/ObscuraCam,1100.793400900901
h3u/yauc,281.6425
h6ah4i/android-openslmediaplayer,1792.2876851851852
h6ah4i/android-verticalseekbar,635.5465740740741
hacktx/electron,0.14222222222222222
hanneseilers/Mensa-SH,35.0775
hashikuchi/TexchangeApp,1693.8774603174604
hazuki0x0/YuzuBrowser,180.69616319444444
hbb20/CountryCodePickerProject,1237.8694444444445
hcmlab/ssj,132.29888888888888
hedzr/android-file-chooser,4111.705833333333
heinrichreimer/android-issue-reporter,5570.718944444444
heinrichreimer/material-drawer,1227.7474074074073
heinrichreimer/material-intro,1818.7076684881604
heinrichreimer/material-singleinputform,2363.5136111111115
henrichg/PhoneProfilesPlus,267.728207070707
hgdev-ch/toposuite-android,23264.803333333333
hgzimmerman/CnC-Online-Spymaster,0.8269444444444445
hhroc/yellr-android,267.10285087719296
hhua/product-hunt-android,17.027314814814815
hidroh/materialistic,593.2812037037037
hiposfer/hive,910.5293981481482
hoang8f/android-flat-button,327.24041666666665
holylobster/nuntius-android,0.2713888888888889
honza-kasik/OlomouckyBazen,84.25273148148148
hsson/card-balance-app,93.98381944444445
hubbardgary/LondonTrails,99.36138888888888
hybrezz54/OnTheProwl-Android,0.0008333333333333334
hzsweers/palettehelper,1529.6992777777778
iSoron/uhabits,3575.8454603909463
iTXTech/Daedalus,3234.253425925926
iamovrhere/MorseFlash,51.53777777777778
ianhanniballake/ContractionTimer,81.44047008547008
ianhanniballake/TripleSolitaire,39.725
icasdri/Mather,1745.5380555555555
iffa/SSKKY-ruokalista,3955.3347222222224
iiordanov/remote-desktop-clients,6629.132982905983
ikarus23/MifareClassicTool,5606.916986111111
indianpoptart/Parks-and-Recreation,2240.7747222222224
indianpoptart/RadioControl,2161.6696260683757
indywidualny/Centrum.fm,0.09888888888888889
infoeducatie/infoeducatie-android,19.087777777777777
ismail-s/JTime,341.52105555555556
j4velin/Pedometer,5322.864722222223
j4velin/SystemAppMover,414.12833333333333
jackpf/BlockchainSearch,88.92560606060606
jamieadkins95/Heistr,266.5878395061728
janoliver/pOT-Droid,673.4220687830688
jareddlc/OpenFit,32.558194444444446
javiersantos/AppUpdater,900.7829320987654
javiersantos/MaterialStyledDialogs,1558.4494841269843
jawg/osm-contributor,664.6940993265993
jberkel/sms-backup-plus,10618.100025252525
jchmrt/clean-calculator,33.50555555555555
jcolladosp/PimPam,14341.178680555555
jerrymannel/ISawABird,87.08869047619046
jetkov/neatpad,46.14277777777778
jgaa/VikingGTD,16818.156944444443
jguerinet/MyMartlet,1043.1791203703704
jklmnn/ParkenDD,622.7817592592593
jmalenko/alarm-morning,3532.220055555556
jmsalcido/catapi-android,4.157055555555556
joanpuigsanz/servdroid,565.062361111111
johannilsson/sthlmtraveling,828.8942094017094
johnjohndoe/Umweltzone,1074.2956018518519
johnkil/Print,555.6428472222223
johnzweng/bankomatinfos,107.55564814814814
joielechong/CountryCodePicker,1341.2072222222223
jonasoreland/runnerup,13538.546004273503
jonatantierno/scrumdailytimer,347.5540555555556
jpardogo/ListBuddies,1510.90375
jpeddicord/speedofsound,4038.023777777778
jruesga/rview,600.7785483870967
jrvansuita/MaterialAbout,21098.841944444444
jrvansuita/PickImage,10292.912888888888
jrzimmerman/bestrida-rn,154.07583333333332
jschmid/WhereAreYou-Android,0.07083333333333333
jt19056/Notey,633.4826697530865
jtechapps/FloppyThreeD,15.356388888888889
jtmcn/archwiki-viewer,729.6351388888888
julianctni/mensaDD,101.14763888888889
junjunguo/PocketMaps,10374.931041666667
jurihock/voicesmith,37134.577326388884
justdave/MCStatus,11737.363101851852
k-kojak/yako,429.22764957264957
k3b/ContentProviderHelper,133.48805555555555
kabouzeid/Phonograph,2139.8686293260475
kahluagenie/muzei-gopro,149.3113888888889
kaichunlin/android-transition,4.926666666666667
kaloyan-raev/eclipse-ui-tips,112.7213888888889
kamegami13/MonsterHunter4UDatabase,5.434722222222222
kaozgamer/Find-My-Phone,4892.369722222223
kaozgamer/GradeCalculator,2.660277777777778
kartikarora/Transfer.sh,30440.719305555554
kd8bny/maintenanceMan,1338.4676851851852
kebernet/shortyz,26473.126111111113
keefmarshall/fco-alerts-app,237.65583333333333
ken-kentan/student-portal-plus,16.075
kenumir/Pinger,1.1733333333333333
keyboardsurfer/Crouton,6511.100416666666
kflog-project/Cumulus,286.1487948028674
khasang/SmartForecast,714.8233796296296
khertan/ForRunners,6600.291944444444
kiall/android-tvheadend,974.5478306878306
kimsin3003/X10,151.01763888888888
kirimin/mitsumine,1135.3195138888889
kiruto/debug-bottle,622.2438888888889
klnusbaum/UDJ-Android-Client,722.3945138888889
kloener/visor-android,11596.959814814814
kmzbrnoI/hJOPandroidDriver,7556.045833333334
knilch0r/freeshisen,78.2838888888889
kodsnack/kodsnack-android,0.04263888888888889
kollerlukas/Camera-Roll-Android-App,437.72131720430104
konifar/droidkaigi2016,17.23875478927203
konradrenner/kolabnotes-android,1300.2241327913277
kontalk/androidclient,822.9950856102004
kort/kort-native,1766.4156944444444
kost/NetworkMapper,3885.1369444444445
krcla/KnowYourRightsApp,72.9961111111111
krishnaraj/oneclipboard,12448.791111111112
krossovochkin/MorseKeyboard,31.504722222222224
krtkush/LinearTimer,5442.8224206349205
krtkush/MarsExplorer,275.34069444444447
kshoji/BLE-MIDI-for-Android,554.5443055555555
kshoji/USB-MIDI-Driver,586.1861904761905
ksoichiro/SimpleAlertDialog-for-Android,45.35680555555555
kurtmc/MyEarnings,5551.855833333333
kwmt/GitHubSearch,646.9008333333334
kylecorry31/ShutUpAndDrive,78.2501388888889
kyriog/VoxPopuli-Android,911.7278472222223
kyriog/rights-alert,54.5325
lambdasoup/blockvote,8.265277777777778
lambdasoup/watchlater,4607.891234567902
laurentsebag/android-wifi-timer,2033.8397222222222
ldionmarcil/OSRSHelper,1979.948373015873
learningtitans/paperclickers,50.91148148148148
lecho/hellocharts-android,586.8855917874396
leinardi/UbuntuCountdownWidget,2.1355555555555554
lewismcgeary/AndroidGameofLife,222.88703703703703
lfdversluis/TUDirect-Android,171.13125
ligi/FAST,16813.39638888889
ligi/PassAndroid,533.4144230769231
ligi/SurvivalManual,2907.3035185185186
linklux/android-schedules,1045.7592676767676
linuxtage/glt-companion,3273.7967222222223
lloydtorres/stately,104.10527777777777
loadrunner/Facebook-Contact-Sync,564.0433333333333
loairpa/DiceInDark,596.1030555555556
loehnertz/HSRMMedialabTimetableApp,21.205586419753086
longdivision/hex,295.29777777777775
lordi/tickmate,29231.631666666668
louisbloom/loananalyzer,216.85500000000002
louistsaitszho/Erg-Alpha,206.55027777777778
lpaulger/cribbage-the-game,182.42231678487
luankevinferreira/expenses,956.8005555555555
lucas-tulio/decimal-clock-widget,580.4586111111112
luckytoilet/WATisRain,2782.324209401709
luoyuan800/NeverEnd,175.165
lz1asl/CaveSurvey,1793.8053985507247
macGRID-SRN/hitchBOT,229.13180555555556
madhur/DashAnalytics,36.6615404040404
madhur/GAnalytics,49.903333333333336
mafik/echo,93042.42
maggardJosh/Tiles,13.845514705882353
mail929/Lister,82.0854012345679
makovkastar/FloatingActionButton,879.2022222222222
malmstein/yahnac,2505.014722222222
mamewotoko/podplayer,903.6063888888889
manishsgaikwad/MusicID,11757.885277777777
mappiamo/mapi-app,370.12395833333335
marco97pa/punti-burraco,419.0641666666667
marcocorvi/topodroid,2964.7078846153845
markormesher/android-fab,113.93842592592593
martin-stone/hsv-alpha-color-picker-android,187.33425925925928
martinohanlon/BlueDot,628.9652777777777
martykan/forecastie,6577.1236055555555
marunjar/anewjkuapp,279.1885185185185
marverenic/Jockey,2168.7723688271603
marxsk/zobro,10.29
masahide318/Croudia-for-Android,32.56111111111111
matejdro/PebbleDialer-Android,6038.611944444445
matejdro/PebbleNotificationCenter-Android,219.92083333333332
mateuszbuda/ThermometerExtended2,171.28972222222222
matheussampaio/pomt-android-app,1.0163888888888888
mathisdt/trackworktime,7324.6547875817
mattelacchiato/FastBudget3,691.9848888888889
mattstraehl/AmgiNori,105.78916666666667
mauiaaron/apple2,10491.480659722221
maxanier/Vertretungsplan,665.1088580246914
maxiee/HeartBeat,51.66791666666666
mcprog/ragnar,47.091944444444444
mcruncher/worshipsongs-android,1409.860688736682
mediavrog/integrated-rating-request,880.7986111111111
meefik/linuxdeploy,1890.151388888889
meetshah1995/TechFest2k15,7.311481481481482
melkonyan/Timetable,396.94261904761913
mendhak/gpslogger,1500.443146766169
mercuriete/ajmrtd2,2400.842777777778
mgolokhov/dodroid,695.6474999999999
mgsx-dev/rainstick,23.00638888888889
mhoeher/opentodolist,751.1590277777779
michaelbarlow7/dungeon-crawl-android,1676.3508333333336
michaelkourlas/voipms-sms-client,2975.9881450094163
michalmazur/orphaned-texts,297.28319444444446
micolous/metrodroid,2379.785869565217
midhunhk/random-contact,670.3757777777778
midhunhk/trip-o-meter,568.189246031746
mikepenz/Android-Iconics,277.0225
mikepenz/FastAdapter,226.20265873015873
mikepenz/MaterialDrawer,93.96532515073213
miketrewartha/positional,185.81333333333333
milindur/MdkControlApp,1681.7830555555556
mitch-b/whoisit-android,232.89458333333332
mkaradeniz/MaterialMensa,76.05472222222222
mkelandis/ReadingLog,6918.072407407407
mkorcha/MediaButtonOverlay,255.28277777777777
mobfox/MobFox-Android-SDK,227.90039682539683
moezbhatti/qksms,5633.039964838256
mofosyne/tagdrop,2.6925
momodalo/vimtouch,771.2490972222223
moneymanagerex/android-money-manager-ex,1475.1081695652174
mono/SkiaSharp,3749.4645580296897
montselozanod/LearnPop,74.78527777777778
moonlight-stream/moonlight-android,2250.4366767676765
moravianlibrary/kramerius-for-android,599.5653968253968
mosmetro-android/mosmetro-android,353.68113547758287
movim/movim_android,18.119444444444444
mozilla-mobile/focus-android,4808.343717350746
mozilla/MozStumbler,1593.7961354166669
mpcjanssen/simpletask-android,3146.158003246753
mpiannucci/HackWinds-Android,616.2640532879819
mpv-android/mpv-android,6310.821471734893
mr-glt/OpenScout,4.104583333333333
mridang/dashclock-cyanight,27.839166666666667
mridang/dashclock-hotspot,13369.075694444444
mridang/dashclock-location,341.2341666666667
mridang/dashclock-weeknum,1978.4730555555557
mrpdaemon/encdroid,969.4951646090535
msal/muzei-nationalgeographic,393.734375
mschlauch/comfortreader,470.0202777777778
mtransitapps/mtransit-for-android,2902.2863888888887
murgo/IrssiNotifier,2455.7347480620156
mustafakalash/vexscouter,28.221666666666668
mutualmobile/CardStackUI,203.00638888888886
muvari/restaurant-mediator,53.73416666666667
mvarnagiris/expensius,5.204444444444444
mxn21/FlowingDrawer,5645.154907407407
mzlogin/CleanExpert,1.6022222222222222
nathan-osman/chronosnap,30.900277777777777
nbd9/UnityPlanner,4593.018518518518
nbenm/ImapNote2,958.1719444444444
nbossard/packlist,1030.3040798611112
ndhunju/dailyJournal,5398.855833333333
netmackan/ATimeTracker,7954.867126068376
neurodroid/cryptonite,0.01284313725490196
nextgis/metro4all-android,1403.7518686868686
nextgis/nextgislogger,1795.122142857143
nextgis/ngm_clink_monitoring,416.13133633633635
nguillaumin/osmtracker-android,13566.332165404041
nick11roberts/Moka-Scanr,15.100555555555555
nickfox/GpsTracker,73.47611111111111
nightscout/android-uploader,981.4372777777778
nikolamilosevic86/owasp-seraphimdroid,2385.317037037037
niqdev/ipcam-view,1785.6196666666667
nirabpudasaini/Mero-Bhada-Meter,132.86569444444444
nispok/snackbar,584.4817708333334
nitroshare/nitroshare-android,3929.8331944444444
nkming2/power-menu,1132.1641435185186
noboru-i/ReadItNow,314.69750000000005
noboru-i/TetherSetting,2266.943888888889
nonylene/PhotoLinkViewer,1275.7122875816992
nostra13/Android-Universal-Image-Loader,935.9071358858859
notriddle/budget-envelopes,127.70416666666667
npes87184/S2TDroid,58.68694444444444
nutritionfactsorg/daily-dozen-android,1993.633111111111
nvllsvm/Audinaut,5857.944416666667
oSoc14/Artoria,94.9405982905983
oaken-source/exceer,172.80833333333334
oakesville/mythling,3641.4449603174603
octaltech/fixmephone,0.6683333333333333
ogarcia/opensudoku,49.55277777777778
ojacquemart/vlilleChecker,2151.951125
oldergod/red,226.25203703703707
oliexdev/openScale,2582.3627329749106
opacapp/opacclient,1842.5856659056317
open-keychain/open-keychain,1768.6798814578913
openforis/collect-mobile,289.72333333333336
opengisch/QField,9283.758074823378
openwebnet/openwebnet-android,995.5151234567901
openxc/openxc-android,5032.214710648148
orgzly/orgzly-android,1810.8099504950494
osfans/trime,4756.526396677051
osmdroid/osmdroid,2801.8042665867306
outadoc/SplatCompanion,23.220833333333335
oxoooo/materialize,0.11611111111111111
ozbek/al-muazzin,0.30569444444444444
pR0Ps/LocationShare,31440.59361111111
pacien/tincapp,1804.5490714285713
paleoCoder/QuickBART,90.38576388888889
panpf/sketch,958.3477450980392
paolorotolo/GittyReporter,65.64555555555556
passy/Android-DirectoryChooser,17771.211296296296
passy/WAKiMail,0.17027777777777778
patrickfav/Dali,49.528055555555554
pchretien/APOD,65.98234722222222
pdaddyo/soundbounce,333.75148148148145
pdmholden/bcclaarrest,156.80157407407407
pedrovgs/DraggablePanel,1197.3092592592593
pennlabs/penn-mobile-android,3501.447523712737
petalyaa/Launchpet2,0.33666666666666667
phil-lopreiato/frc-notebook,110.05230769230769
philburk/android-midisuite,23061.98277777778
philliphsu/ClockPlus,3742.3794444444443
phish108/MoblerCards,465.18769303201503
phw/PicardBarcodeScanner,3.445
physphil/UnitConverterUltimate,339.64368055555553
pilot51/voicenotify,10216.105328282829
pjuu/droidotter,1939.110972222222
plastygrove/BlueSerial,15.860833333333334
plugdio/MQTTSYSConsole,34.654259259259256
plusCubed/anticipate,370.5730555555556
plusCubed/plusTimer,519.8520707070707
plusCubed/recycler-fast-scroll,948.7975000000001
plusCubed/velociraptor,8012.683888888889
plusonelabs/calendar-widget,3073.1608994708995
plusonelabs/dashclock-gerrit,64.17375
pnemonic78/RemoveDuplicates,45.045
pockethub/PocketHub,5514.195986997636
pocl/pocl,5656.0517340067345
pocmo/SensorDashboard,5616.509722222222
polson/MetroTripper,593.2397222222222
polybassa/WyLight,1496.7328750000001
potray/Pacts,33.121746031746035
ppareit/swiftp,9759.371450617284
prajjwaldimri/GithubXamarin,505.8272222222222
prakhar1989/ColorPhun,11.869166666666668
prasannata/StackX,319.18625000000003
praveendath92/MDroid,169.04627525252525
praveendath92/PopTilesPlus,8.178055555555556
predictive-technology-laboratory/sensus,2559.0442887931035
printminion/gdgsched,3.429814814814815
priyeshpatel/habhub-chase-car-tracker,204.96
project-manatee/manatee-android,3257.8764444444446
project64/project64,2329.607396640827
proxysh/Safejumper-for-Android,12158.180833333334
pryds/ve,20.945625
pvarry/intra42,8825.956666666667
qdeconinck/lln-campus,88.3425
qii/weiciyuan,1726.0607051282054
qtquickvcp/QtQuickVcp,12338.934974747475
quarck/CalendarNotification,2203.611712962963
quran/quran_android,9345.52015946502
rahulkumar66/Performance-Tweaker,715.8512962962963
randombyte-developer/SGLVertretungsplan,515.2112500000001
rapidpro/surveyor,153.21824074074075
raptor2101/GalDroid,130.6074074074074
rascarlo/AURdroid,45.80430555555556
rastating/DroidBeard,269.41294991300026
raydac/AndroidPirateDice,4.576944444444444
rcgonzalezf/weather-app-demo,8908.826666666666
recruit-lifestyle/FloatingView,2778.8409523809523
rectangle-dbmi/Realtime-Port-Authority,1997.8739523809525
reknih/informant-droid,1103.9316666666666
reloZid/android-anuto,2116.849431818182
relrod/tryidris-android,13.775555555555556
remibantos/sfquizz,89.61166666666666
renard314/textfairy,3722.783888888889
renzon/autonomyway,16.829166666666666
rezacute/pens-messenger-android,0.9605555555555556
rhdunn/espeak,2005.5452777777778
richard1/BCP-Mobile,41.688240740740746
richardthe3rd/BeerFestApp,25.531805555555557
richsmith/sexytopo,23708.78599206349
rignaneseleo/SlimSocial-for-Facebook,12659.127611111111
rjhdby/motocitizen,1882.2888167104113
rk4an/ecos-controller,3504.3216666666667
rm3l/maoni,6898.565370370371
rmceoin/cominghome,269.8411111111111
robert7k/sipswitch,5746.588055555556
robinos/Handalfabet,80.39159722222223
rocketshipapps/adblockfast,5084.224401709402
rom4ek/ArcNavigationView,887.13375
ronaldsmartin/APO-DZ-Android,1501.6256944444444
ronaldsmartin/Material-ViewPagerIndicator,1332.4679166666667
rootio/rootio_handset,7.509722222222223
rschnapp/BusMan,8554.005
rsiebert/TVHClient,2434.2532733333333
rsteckler/unbounce-android,17.348368055555557
rycus86/StringTheory,28.759722222222223
rycus86/TriangularWatchFace,272.6846527777778
s-gv/rnicu,3.451388888888889
saint1991/GPSLogger,1210.3044444444445
salRoid/Filmy,646.2645
salema/PodCatcher-Deluxe-Android,2170.4226128472224
samueltardieu/harassme,1983.4341666666667
sandsmark/QuasselDroid,28638.377222222225
sangcomz/FishBun,10996.058155136268
saqimtiaz/BibSearch,798.0434523809524
saschpe/PlanningPoker,11980.839722222223
sawankh/MathAttack,38.37677777777778
sbhs-forkbombers/sbhs-timetable-android,367.9637777777778
schnatterer/nusic,63.03388888888889
scottyab/rootbeer,4234.4392676767675
screenfreeze/deskcon-android,472.2217592592592
sdsmdg/trianglify,177.23675925925926
seanmonstar/ServiceDroid,1025.194061302682
securityfirst/Umbrella_android,4990.047666666666
seeing-eye/UnforgetIt,4.729722222222223
segler-alex/RadioDroid,2710.8810380116956
seht/volumenotification,6065.924675925926
seizonsenryaku/HayaiLauncher,14.64074074074074
septadev/SEPTA-Android,2020.5049747474748
serialc/CemeterySurveyor,3162.530277777778
sgrailways/giftidea,5.695555555555556
shamanland/fonticon,1837.4602777777777
shaobin0604/pocket-voa,27002.77611111111
sheimi/SGit,5155.919432098765
shinymayhem/radio-presets-widget,147.19518055555554
shts/NogiFeed,1475.4879166666665
shubhamchaudhary/CCDroid,38.9175
shubhamchaudhary/wordpowermadeeasy,3370.8444444444444
sialan-labs/kaqaz,337.29212962962964
siempredelao/Distance-From-Me-Android,3077.9963888888888
simlar/simlar-android,5076.598533333334
siramix/buzzwords,2136.2126869658123
sismics/reader,1149.5599549549552
sizezero/dice-probabilities,32.030277777777776
sjwall/MaterialTapTargetPrompt,3002.324003831417
sky-map-team/stardroid,4497.040416666667
slapperwan/gh4a,4150.682452919021
slyfoxza/muzei-androidwallpapers,689.0881481481482
smallpath/psnine,11.539444444444445
smart-fun/TabStacker,51.817129629629626
smithdtyler/prettygoodmusicplayer,1159.9937847222222
smuldr/xtime-android,4671.333611111111
sneerteam/sneer,0.9577777777777777
souch/SMP,269.7609722222222
souliss/soulissapp,1250.8031684027778
soynerdito/BlueSound,22.475416666666668
spacecowboy/NotePad,15398.751907596372
spacedockapp/spacedock,1426.8306823671496
spirosbond/CallerFlashlight,31541.352647392287
spookypeanut/Love-Tag,815.4514444444444
spookypeanut/Wake-Me-At,757.8732142857143
sproshev/tcity,386.88166666666666
sqall01/alertR,1.6519444444444444
sreich/android-count-the-days,297.59805555555556
sssemil/Advanced-Settings-for-Android-Wear,1670.5345138888888
st1hy/Red-Calorie,106.7636111111111
stanidesis/quotograph,318.1570138888889
stealthcopter/AndroidNetworkTools,6301.0250617283955
stefan-niedermann/nextcloud-notes,2880.3878818217513
steinbachr/spitly-android,8.655111111111111
stopbystop/sbs-app,767.7423148148149
strooooke/quickfit,2341.941851851852
stuartsoft/PingIT,91.22787698412698
substratum/substratum,659.3131944444444
supertuxkart/stk-code,20248.71131076389
sw926/ImageFileSelector,1475.3680555555557
sylvek/itracing2,547.4639285714286
syncthing/syncthing-android,2966.688474192277
sytolk/TaxiAndroidOpen,642.6608333333334
t-animal/JourneyApp,319.6535416666667
tangalbert919/nds4droid,1815.2427777777777
tanrabad/survey,5923.219242424243
tasomaniac/OpenLinkWith,8720.1075
tateisu/SubwayTooter,4040.9776515151516
tateshitah/gnssfinder,2857.8243055555554
tbpalsulich/NYU-BusTracker-Android,1092.9150595238095
teamblueridge/PasteIt,124.69347222222223
teerapap/whatnext,71.59222222222222
testica/text-scanner,368.19083333333333
tgwizard/sls,12007.876952736318
the-blue-alliance/the-blue-alliance-android,1286.4621007816863
theIoTLab/ZephyrBHDeviceAdapter,75.17569444444445
theScrabi/Terminightor,255.65703703703704
theangrydev/AERCalculator,70.04888888888888
thebigg73/OpenSongTablet,2012.2035185185186
theblackwidower/KanaQuiz,24.914722222222224
thecosmicfrog/LuasataGlance,129.67583333333334
theksmith/CarBusInterface,1569.8757407407404
thermatk/HSEWifi,815.2711111111112
thiagobaptista/cartcalculator-android,426.6248611111111
thiagokimo/KonamiCode,40.000277777777775
tilal6991/HoloIRC,761.8716666666667
tim-sueberkrueb/ourgus,404.8361111111111
timeforcoffee/timeforcoffee-android,2632.4401157407406
timothyb89/lifx-tasker,158.10680555555555
timstableford/P-BrainAndroid,45.15618055555555
timvdalen/gizmooi,1.6175
tinfoilhat/tinfoil-sms,813.3729457364341
tjol/vinylscrobbler,2561.255902777778
tkowalczyk/DevTalkMobile,832.4848015873016
tobykurien/BatteryFu,409.3273148148148
tobykurien/WebApps,7636.528630952382
tomahawk-player/tomahawk-android,347.8791666666666
tonikarppi/coherence,3.8590740740740745
torch2424/Feather,52.2962037037037
torch2424/Stats-Monitor-Widget,2128.0788888888887
torkildr/Trommelyd,22.134444444444444
tranquvis/SimpleSmsRemote,2969.586018518519
transistorsoft/rn-background-geolocation-demo,1325.7055555555555
translation-cards/translation-cards,310.32422335600904
trashify/bolt-starter,67.36513888888888
trevorhalvorson/DevJobs,19.783055555555556
trikita/slide,7.791944444444445
trishika/DroidUPnP,656.9206597222222
tristan2468/OyVer,7826.314444444444
turing-tech/MaterialScrollBar,1671.4421843434343
tvbarthel/BlurDialogFragment,1856.2934848484847
tvbarthel/CameraColorPicker,5934.971805555556
tvbarthel/SimpleThermometerProject,44.60458333333333
tvbarthel/SimpleWeatherForecast,2064.8425
tzulberti/archery-training,121.07434240362811
ubergeek42/weechat-android,12783.603312757203
ubx/SkyLinesTracker,2221.782777777778
ukanth/afwall,9068.792281976745
ultramega/elementary,76.07777777777777
ultrasonic/ultrasonic,3563.6480193236716
ushahidi/Ushahidi_Android,2650.9453405017925
uvweb/UVwebForAndroid,191.2800347222222
valtech/valtech-contactsync-android,623.305
vanillastatus/VanillaStatusApp,1.732361111111111
vanita5/twittnuker,3661.6315157004833
vanniktech/VNTFontListPreference,327.9536111111111
vanniktech/VNTNumberPickerPreference,6161.651666666667
vase4kin/TeamCityApp,5082.432083333333
veniosg/Dir,2906.8687801932365
vexelon-dot-net/bgrates,356.2241203703704
vexelon-dot-net/currencybg.app,5258.6393333333335
vickychijwani/quill,1635.9516717171716
vijai1996/screenrecorder,254.50550925925924
vikramkakkar/SublimeNavigationView,48.25791666666667
vilnius/tvarkau-vilniu,1369.3731944444444
vishesh/sealnote,7050.570833333334
vn7n24fzkq/TSVS_Application,1209.4925
vocefiscal/vocefiscal-android,116.85958333333333
vycius/NMAkademija,82.69162037037037
wKovacs64/mTorch,4656.9397222222215
walleth/walleth,545.1685687382297
warmshowers/wsandroid,4245.913111111111
wax911/anitrend-app,2134.3096135265696
wbates/SierpinskiGenerator,17.722083333333334
wbrenna/GTFSOffline,2559.976898148148
weitsai/iHelp-android,155.30333333333334
wellenvogel/avnav,3275.0333843537414
wentam/DefCol,3409.258611111111
westnordost/StreetComplete,518.5976510329425
where2night/W2N-Android,173.9003888888889
willblaschko/AlexaAndroid,1035.8516666666667
wisedog/Whoochoo,32132.16097222222
wisedog/WhoochooAdvSms,70.8562037037037
wmi-students/wmi-timetable-android,176.7795
wordpress-mobile/WordCamp-Android,89.13427777777778
wsv-accidis/fm-fg-godsdekl,229.08916666666667
wsv-accidis/in-sangbok,19.655833333333334
wsv-accidis/tmeit-android,1693.4934444444443
wuan/bo-android,1501.8265758547009
xbmc/Kore,1277.4210416666667
xfmax/BasePedo,69.07972222222222
xiprox/WaniKani-for-Android,7238.396458333334
xisberto/workschedule,1213.2178333333334
xtensa/PodEmu,929.9863425925927
yDelouis/selfoss-android,38.32787037037037
yakirwin/lev-isha,17.085833333333333
yancyn/ParcelTrack,35.00296296296296
yankovskiy/PhotoTools,101.729375
yankovskiy/SilentNight,1241.7305555555554
yassirh/digitalocean-swimmer,760.1326666666666
yazeed44/MultiImagePicker,74.11099206349206
yeleman/SNISI-droid,67.62361111111112
yeokm1/nus-soc-print,6599.535277777778
ynurmahomed/renova,44.31638888888889
yourPISD/yourpisd,224.27120370370372
ypresto/android-transcoder,794.9195833333333
yshrsmz/monotweety,34.125238095238096
yuttadhammo/BodhiTimer,767.9110185185185
yuukis/businessmap,424.5696759259259
yzacarias/geekjunior,0.005
za419/Android-calculator,422.52091880341874
zach-capalbo/Kromophone,7878.521481481482
zahid-ali-shah/SignatureView,4546.966296296297
zamojski/TowerCollector,2327.5243103448274
zawadz88/material-activity-chooser,681.6144444444444
zdavatz/AmiKo-Android,526.1955555555555
zeapo/Android-Password-Store,1702.224475129199
zhuqianqian/wordchain,34.73194444444445
zoff99/ToxAndroidRefImpl,5909.760524691358
zond/android-diplicity,17.067430555555557
zugaldia/capitalbikeshare,138.83527777777778
zulip/zulip-mobile,2360.708310948311
